filename	genre_id	sample_count	sample_rate	bit_width	program_name
MATERIAL_BASE-1S_10062295.wav	TB	2906464	16000	16	
MATERIAL_BASE-1S_10138360.wav	TB	1852145	11025	16	Barnaamijka Abaaraha
MATERIAL_BASE-1S_10306237.wav	TB	2335509	44100	16	
MATERIAL_BASE-1S_10386249.wav	NB	8775900	44100	16	
MATERIAL_BASE-1S_10388003.wav	NB	10698836	44100	16	
MATERIAL_BASE-1S_10432713.wav	NB	12659522	44100	16	
MATERIAL_BASE-1S_10456461.wav	TB	5229664	32000	16	
MATERIAL_BASE-1S_10465472.wav	TB	5001245	44100	16	
MATERIAL_BASE-1S_10499170.wav	CS	265832	8000	8	
MATERIAL_BASE-1S_10589204.wav	NB	8362551	44100	16	Qubanaha
MATERIAL_BASE-1S_10615833.wav	CS	292896	8000	8	
MATERIAL_BASE-1S_10644578.wav	NB	9470592	48000	16	The Weekly News
MATERIAL_BASE-1S_10672316.wav	NB	9821280	48000	16	News and Varied Programming
MATERIAL_BASE-1S_10728604.wav	CS	279840	8000	8	
MATERIAL_BASE-1S_10888510.wav	NB	7140432	48000	16	News Entertainment
MATERIAL_BASE-1S_11110624.wav	CS	644920	8000	8	
MATERIAL_BASE-1S_11153184.wav	NB	7701312	48000	16	News Entertainment Turkish Film Islamic History
MATERIAL_BASE-1S_11179274.wav	CS	768152	8000	8	
MATERIAL_BASE-1S_11292424.wav	TB	8292960	48000	16	
MATERIAL_BASE-1S_11305038.wav	CS	453544	8000	8	
MATERIAL_BASE-1S_11389139.wav	CS	342312	8000	8	
MATERIAL_BASE-1S_11402205.wav	TB	5690929	44100	16	Qubanaha
MATERIAL_BASE-1S_11414546.wav	CS	473904	8000	8	
MATERIAL_BASE-1S_11598207.wav	TB	4327296	24000	16	
MATERIAL_BASE-1S_11619024.wav	CS	534576	8000	8	
MATERIAL_BASE-1S_11620244.wav	TB	9395496	24000	16	
MATERIAL_BASE-1S_11727307.wav	TB	7285055	44100	16	
MATERIAL_BASE-1S_11760334.wav	TB	8918089	44100	16	
MATERIAL_BASE-1S_11843391.wav	TB	7905586	44100	16	
MATERIAL_BASE-1S_11846362.wav	CS	704192	8000	8	
MATERIAL_BASE-1S_11849760.wav	CS	603152	8000	8	
MATERIAL_BASE-1S_11949114.wav	NB	9310368	48000	16	
MATERIAL_BASE-1S_11971188.wav	CS	450176	8000	8	
MATERIAL_BASE-1S_11982652.wav	TB	2826256	16000	16	
MATERIAL_BASE-1S_12138613.wav	CS	429840	8000	8	
MATERIAL_BASE-1S_12243698.wav	CS	491200	8000	8	
MATERIAL_BASE-1S_12244958.wav	TB	6809746	44100	16	
MATERIAL_BASE-1S_12303690.wav	TB	1911807	44100	16	
MATERIAL_BASE-1S_12324949.wav	CS	350560	8000	8	
MATERIAL_BASE-1S_12326347.wav	NB	5781168	48000	16	
MATERIAL_BASE-1S_12433066.wav	NB	10559921	44100	16	
MATERIAL_BASE-1S_12447759.wav	NB	9139296	48000	16	
MATERIAL_BASE-1S_12544765.wav	NB	11400240	48000	16	Dabagalka Wararka
MATERIAL_BASE-1S_12585067.wav	NB	5994816	48000	16	Warka
MATERIAL_BASE-1S_12704933.wav	CS	677584	8000	8	
MATERIAL_BASE-1S_12707239.wav	NB	7259808	48000	16	Ilalinta Deegaanka
MATERIAL_BASE-1S_12808728.wav	NB	5692560	48000	16	Warka
MATERIAL_BASE-1S_12816720.wav	NB	17463600	44100	16	
MATERIAL_BASE-1S_12817376.wav	CS	639032	8000	8	
MATERIAL_BASE-1S_12827713.wav	NB	12092180	44100	16	
MATERIAL_BASE-1S_12866475.wav	TB	8821440	48000	16	
MATERIAL_BASE-1S_12885331.wav	NB	15343625	44100	16	
MATERIAL_BASE-1S_12948018.wav	NB	20047968	48000	16	
MATERIAL_BASE-1S_13044446.wav	CS	596272	8000	8	
MATERIAL_BASE-1S_13055281.wav	NB	2988174	44100	16	
MATERIAL_BASE-1S_13070899.wav	CS	237712	8000	8	
MATERIAL_BASE-1S_13196468.wav	NB	4389792	48000	16	Entertainment Film Series News Ween in Africa
MATERIAL_BASE-1S_13208001.wav	NB	18585680	44100	16	
MATERIAL_BASE-1S_13258548.wav	CS	599712	8000	8	
MATERIAL_BASE-1S_13379801.wav	CS	740704	8000	8	
MATERIAL_BASE-1S_13415264.wav	NB	12330933	44100	16	Qubanaha
MATERIAL_BASE-1S_13423849.wav	TB	5142589	44100	16	Qubanaha
MATERIAL_BASE-1S_13437864.wav	TB	35378696	44100	16	Qubanaha
MATERIAL_BASE-1S_13447178.wav	CS	499904	8000	8	
MATERIAL_BASE-1S_13465316.wav	TB	7620524	44100	16	
MATERIAL_BASE-1S_13503048.wav	NB	6290027	44100	16	Qubanaha
MATERIAL_BASE-1S_13593924.wav	TB	18156499	44100	16	
MATERIAL_BASE-1S_13778350.wav	CS	371080	8000	8	
MATERIAL_BASE-1S_13778834.wav	TB	7605839	44100	16	Barnaamijka Abaaraha
MATERIAL_BASE-1S_13795323.wav	TB	3832863	22050	16	
MATERIAL_BASE-1S_13861772.wav	TB	4025376	24000	16	Barnaamijka Abaaraha
MATERIAL_BASE-1S_13905977.wav	TB	7330082	44100	16	
MATERIAL_BASE-1S_13913565.wav	TB	6646240	16000	16	
MATERIAL_BASE-1S_13946679.wav	TB	9787079	44100	16	
MATERIAL_BASE-1S_13946712.wav	CS	360752	8000	8	
MATERIAL_BASE-1S_13966678.wav	NB	2665801	44100	16	
MATERIAL_BASE-1S_13983879.wav	CS	311584	8000	8	
MATERIAL_BASE-1S_14024556.wav	NB	14809728	48000	16	Skaashatootinka
MATERIAL_BASE-1S_14084906.wav	CS	368440	8000	8	
MATERIAL_BASE-1S_14122342.wav	CS	489264	8000	8	
MATERIAL_BASE-1S_14173294.wav	CS	319128	8000	8	
MATERIAL_BASE-1S_14194999.wav	TB	15662997	44100	16	
MATERIAL_BASE-1S_14200802.wav	CS	382456	8000	8	
MATERIAL_BASE-1S_14211117.wav	CS	419168	8000	8	
MATERIAL_BASE-1S_14242093.wav	NB	6468480	48000	16	News Religious Lecture
MATERIAL_BASE-1S_14256849.wav	NB	12659302	44100	16	Qubanaha
MATERIAL_BASE-1S_14377467.wav	NB	15105794	44100	16	Qubanaha
MATERIAL_BASE-1S_14405300.wav	CS	222432	8000	8	
MATERIAL_BASE-1S_14538772.wav	CS	692608	8000	8	
MATERIAL_BASE-1S_14556628.wav	CS	290960	8000	8	
MATERIAL_BASE-1S_14561262.wav	TB	7972992	48000	16	
MATERIAL_BASE-1S_14676042.wav	TB	15920100	44100	16	
MATERIAL_BASE-1S_14681303.wav	NB	11214624	48000	16	
MATERIAL_BASE-1S_14788988.wav	NB	13727316	44100	16	
MATERIAL_BASE-1S_14796317.wav	TB	4251216	24000	16	
MATERIAL_BASE-1S_14828436.wav	NB	11386796	44100	16	Qubanaha
MATERIAL_BASE-1S_14921571.wav	TB	7295463	44100	16	
MATERIAL_BASE-1S_14984008.wav	TB	3809976	24000	16	
MATERIAL_BASE-1S_15034379.wav	CS	298120	8000	8	
MATERIAL_BASE-1S_15074888.wav	CS	402224	8000	8	
MATERIAL_BASE-1S_15082233.wav	CS	1315360	8000	8	
MATERIAL_BASE-1S_15180085.wav	CS	384144	8000	8	
MATERIAL_BASE-1S_15250879.wav	NB	10111392	48000	16	News and Varied Programming
MATERIAL_BASE-1S_15263579.wav	NB	13966032	48000	16	
MATERIAL_BASE-1S_15282510.wav	TB	6896425	44100	16	
MATERIAL_BASE-1S_15341160.wav	NB	8662695	44100	16	Qubanaha
MATERIAL_BASE-1S_15370769.wav	NB	7968694	44100	16	
MATERIAL_BASE-1S_15418180.wav	NB	7511760	48000	16	
MATERIAL_BASE-1S_15572271.wav	CS	660424	8000	8	
MATERIAL_BASE-1S_15572363.wav	TB	10750610	44100	16	
MATERIAL_BASE-1S_15582793.wav	CS	289360	8000	8	
MATERIAL_BASE-1S_15586432.wav	CS	507136	8000	8	
MATERIAL_BASE-1S_15721527.wav	CS	370240	8000	8	
MATERIAL_BASE-1S_15762734.wav	NB	2752696	44100	16	
MATERIAL_BASE-1S_15801230.wav	TB	7234870	44100	16	
MATERIAL_BASE-1S_15883312.wav	NB	7466208	48000	16	News
MATERIAL_BASE-1S_15934799.wav	CS	365560	8000	8	
MATERIAL_BASE-1S_15984951.wav	CS	505440	8000	8	
MATERIAL_BASE-1S_16013536.wav	CS	205632	8000	8	
MATERIAL_BASE-1S_16020795.wav	CS	312424	8000	8	
MATERIAL_BASE-1S_16024831.wav	TB	2922656	16000	16	
MATERIAL_BASE-1S_16071822.wav	TB	7936324	44100	16	
MATERIAL_BASE-1S_16083625.wav	TB	4048008	24000	16	
MATERIAL_BASE-1S_16110820.wav	TB	7554639	44100	16	
MATERIAL_BASE-1S_16298086.wav	NB	17409225	44100	16	
MATERIAL_BASE-1S_16322694.wav	NB	25309255	44100	16	
MATERIAL_BASE-1S_16338109.wav	CS	428160	8000	8	
MATERIAL_BASE-1S_16360300.wav	CS	182512	8000	8	
MATERIAL_BASE-1S_16454603.wav	CS	510224	8000	8	
MATERIAL_BASE-1S_16482968.wav	CS	357080	8000	8	
MATERIAL_BASE-1S_16491448.wav	TB	7709959	44100	16	
MATERIAL_BASE-1S_16630890.wav	CS	704352	8000	8	
MATERIAL_BASE-1S_16739600.wav	CS	398320	8000	8	
MATERIAL_BASE-1S_16747270.wav	CS	372048	8000	8	
MATERIAL_BASE-1S_16765189.wav	CS	903480	8000	8	
MATERIAL_BASE-1S_16831618.wav	TB	10594540	44100	16	Barnaamijka Risaalo
MATERIAL_BASE-1S_16897941.wav	NB	10758107	44100	16	
MATERIAL_BASE-1S_16962249.wav	CS	580320	8000	8	
MATERIAL_BASE-1S_16971047.wav	NB	15446686	44100	16	
MATERIAL_BASE-1S_17015554.wav	TB	2889424	16000	16	
MATERIAL_BASE-1S_17017757.wav	NB	8797068	44100	16	
MATERIAL_BASE-1S_17063775.wav	TB	7473759	44100	16	
MATERIAL_BASE-1S_17069221.wav	CS	358592	8000	8	
MATERIAL_BASE-1S_17076636.wav	CS	381904	8000	8	
MATERIAL_BASE-1S_17244015.wav	TB	3703077	44100	16	Qubanaha
MATERIAL_BASE-1S_17257260.wav	NB	12656700	44100	16	
MATERIAL_BASE-1S_17330710.wav	TB	4195632	24000	16	
MATERIAL_BASE-1S_17335876.wav	NB	2298051	44100	16	
MATERIAL_BASE-1S_17534187.wav	NB	1246350	44100	16	
MATERIAL_BASE-1S_17632427.wav	NB	3040416	48000	16	
MATERIAL_BASE-1S_17635884.wav	CS	321560	8000	8	
MATERIAL_BASE-1S_17668433.wav	TB	2828592	16000	16	
MATERIAL_BASE-1S_17724393.wav	CS	311088	8000	8	
MATERIAL_BASE-1S_17765668.wav	NB	2779879	44100	16	
MATERIAL_BASE-1S_17852848.wav	CS	789768	8000	8	
MATERIAL_BASE-1S_17890536.wav	CS	321920	8000	8	
MATERIAL_BASE-1S_17987509.wav	NB	7485936	48000	16	Entertainment Film Series News Ween in Africa
MATERIAL_BASE-1S_18071477.wav	TB	6018635	44100	16	
MATERIAL_BASE-1S_18340358.wav	CS	487280	8000	8	
MATERIAL_BASE-1S_18383398.wav	NB	4856512	44100	16	Qubanaha
MATERIAL_BASE-1S_18532279.wav	NB	7949819	44100	16	Qubanaha
MATERIAL_BASE-1S_18539521.wav	CS	333360	8000	8	
MATERIAL_BASE-1S_18541979.wav	TB	7904087	44100	16	Qiimaha Xoolaha
MATERIAL_BASE-1S_18567500.wav	NB	9660899	44100	16	Qubanaha
MATERIAL_BASE-1S_18612151.wav	CS	542128	8000	8	
MATERIAL_BASE-1S_18625030.wav	NB	4267739	44100	16	
MATERIAL_BASE-1S_18662861.wav	NB	7822368	48000	16	
MATERIAL_BASE-1S_18699912.wav	TB	10912000	32000	16	
MATERIAL_BASE-1S_18738514.wav	CS	624320	8000	8	
MATERIAL_BASE-1S_18796965.wav	TB	14614123	44100	16	Barnaamijka Waxbarashada
MATERIAL_BASE-1S_18832777.wav	TB	7258608	24000	16	
MATERIAL_BASE-1S_18850009.wav	TB	12947804	44100	16	Barnaamijka Duruusta
MATERIAL_BASE-1S_18854306.wav	NB	9261000	44100	16	
MATERIAL_BASE-1S_18882638.wav	TB	5679504	24000	16	
MATERIAL_BASE-1S_18883230.wav	CS	744800	8000	8	
MATERIAL_BASE-1S_18911005.wav	TB	4231752	24000	16	Qiimaha Xoolaha
MATERIAL_BASE-1S_18951901.wav	NB	8168555	44100	16	
MATERIAL_BASE-1S_19076195.wav	CS	535968	8000	8	
MATERIAL_BASE-1S_19110064.wav	NB	3949008	48000	16	Skaashatootinka
MATERIAL_BASE-1S_19120494.wav	NB	8636632	44100	16	
MATERIAL_BASE-1S_19167706.wav	CS	556896	8000	8	
MATERIAL_BASE-1S_19185761.wav	TB	5339152	44100	16	
MATERIAL_BASE-1S_19226293.wav	CS	408808	8000	8	
MATERIAL_BASE-1S_19312164.wav	TB	8660832	24000	16	
MATERIAL_BASE-1S_19397095.wav	CS	504048	8000	8	
MATERIAL_BASE-1S_19415423.wav	TB	7419075	44100	16	Qubanaha
MATERIAL_BASE-1S_19433671.wav	NB	7811184	48000	16	News
MATERIAL_BASE-1S_19532018.wav	TB	6636830	44100	16	
MATERIAL_BASE-1S_19537517.wav	CS	348464	8000	8	
MATERIAL_BASE-1S_19561959.wav	CS	544104	8000	8	
MATERIAL_BASE-1S_19585453.wav	CS	735320	8000	8	
MATERIAL_BASE-1S_19590265.wav	TB	6759952	16000	16	
MATERIAL_BASE-1S_19599403.wav	NB	11784938	44100	16	
MATERIAL_BASE-1S_19636460.wav	TB	18395830	44100	16	
MATERIAL_BASE-1S_19658049.wav	CS	512448	8000	8	
MATERIAL_BASE-1S_19693655.wav	NB	4734047	44100	16	
MATERIAL_BASE-1S_19760681.wav	NB	11257056	48000	16	
MATERIAL_BASE-1S_19773387.wav	TB	6197537	44100	16	
MATERIAL_BASE-1S_19793241.wav	NB	16205251	44100	16	
MATERIAL_BASE-1S_19898523.wav	TB	2759296	16000	16	
MATERIAL_BASE-1S_20043683.wav	NB	5782657	44100	16	qubanaha
MATERIAL_BASE-1S_20083539.wav	CS	429392	8000	8	
MATERIAL_BASE-1S_20158009.wav	TB	5546323	44100	16	
MATERIAL_BASE-1S_20179284.wav	CS	736440	8000	8	
MATERIAL_BASE-1S_20317983.wav	CS	707904	8000	8	
MATERIAL_BASE-1S_20365415.wav	NB	6135168	48000	16	The Weekly News
MATERIAL_BASE-1S_20400019.wav	NB	8520240	48000	16	
MATERIAL_BASE-1S_20435118.wav	NB	9159744	48000	16	News and Varied Programming
MATERIAL_BASE-1S_20472153.wav	NB	13858866	44100	16	Qubanaha
MATERIAL_BASE-1S_20546576.wav	NB	18202704	48000	16	
MATERIAL_BASE-1S_20600269.wav	NB	11125056	48000	16	News
MATERIAL_BASE-1S_20663342.wav	TB	10861150	44100	16	
MATERIAL_BASE-1S_20696748.wav	CS	839952	8000	8	
MATERIAL_BASE-1S_20769362.wav	CS	175904	8000	8	
MATERIAL_BASE-1S_20775779.wav	TB	31200794	44100	16	
MATERIAL_BASE-1S_20777976.wav	TB	9512194	44100	16	
MATERIAL_BASE-1S_20778155.wav	CS	322408	8000	8	
MATERIAL_BASE-1S_20842974.wav	TB	6323136	16000	16	
MATERIAL_BASE-1S_20913425.wav	NB	11284992	48000	16	Barnaamijka Waxbarashada
MATERIAL_BASE-1S_20989218.wav	CS	813528	8000	8	
MATERIAL_BASE-1S_21074902.wav	CS	581296	8000	8	
MATERIAL_BASE-1S_21077100.wav	CS	523128	8000	8	
MATERIAL_BASE-1S_21119434.wav	TB	7587846	44100	16	
MATERIAL_BASE-1S_21135775.wav	TB	5224736	32000	16	
MATERIAL_BASE-1S_21264180.wav	TB	2708576	16000	16	
MATERIAL_BASE-1S_21361316.wav	CS	297232	8000	8	
MATERIAL_BASE-1S_21370259.wav	TB	3854520	24000	16	
MATERIAL_BASE-1S_21480393.wav	TB	20105712	48000	16	
MATERIAL_BASE-1S_21511036.wav	TB	2889066	44100	16	
MATERIAL_BASE-1S_21545882.wav	CS	396848	8000	8	
MATERIAL_BASE-1S_21643828.wav	TB	9760632	24000	16	
MATERIAL_BASE-1S_21759629.wav	TB	2801792	16000	16	
MATERIAL_BASE-1S_21765406.wav	TB	7172777	44100	16	
MATERIAL_BASE-1S_21801545.wav	TB	2865684	44100	16	
MATERIAL_BASE-1S_21907805.wav	TB	8995915	44100	16	
MATERIAL_BASE-1S_22005325.wav	NB	8030742	44100	16	
MATERIAL_BASE-1S_22019841.wav	CS	659008	8000	8	
MATERIAL_BASE-1S_22039188.wav	TB	7328000	32000	16	
MATERIAL_BASE-1S_22120180.wav	CS	468240	8000	8	
MATERIAL_BASE-1S_22130863.wav	TB	12342240	48000	16	Commerce
MATERIAL_BASE-1S_22146551.wav	CS	270496	8000	8	
MATERIAL_BASE-1S_22192643.wav	NB	11140656	48000	16	Dabagalka Wararka
MATERIAL_BASE-1S_22303058.wav	NB	8200660	44100	16	
MATERIAL_BASE-1S_22314685.wav	TB	7795954	44100	16	Barnaamijka Abaaraha
MATERIAL_BASE-1S_22323974.wav	CS	234560	8000	8	
MATERIAL_BASE-1S_22433484.wav	CS	752320	8000	8	
MATERIAL_BASE-1S_22676421.wav	TB	18544491	44100	16	
MATERIAL_BASE-1S_22678258.wav	NB	10988880	48000	16	
MATERIAL_BASE-1S_22785474.wav	TB	6871706	44100	16	
MATERIAL_BASE-1S_22815800.wav	CS	307024	8000	8	
MATERIAL_BASE-1S_22834060.wav	CS	546640	8000	8	
MATERIAL_BASE-1S_22917964.wav	TB	12121282	44100	16	
MATERIAL_BASE-1S_22923182.wav	TB	6723536	16000	16	
MATERIAL_BASE-1S_22938599.wav	TB	7770949	44100	16	
MATERIAL_BASE-1S_23009098.wav	TB	2811072	16000	16	Barnaamijka Abaaraha
MATERIAL_BASE-1S_23112579.wav	CS	1012320	8000	8	
MATERIAL_BASE-1S_23159458.wav	TB	22738269	44100	16	
MATERIAL_BASE-1S_23266715.wav	CS	533704	8000	8	
MATERIAL_BASE-1S_23298784.wav	CS	690400	8000	8	
MATERIAL_BASE-1S_23398480.wav	CS	748576	8000	8	
MATERIAL_BASE-1S_23410384.wav	TB	13286420	44100	16	
MATERIAL_BASE-1S_23429413.wav	CS	409736	8000	8	
MATERIAL_BASE-1S_23494683.wav	CS	675792	8000	8	
MATERIAL_BASE-1S_23528927.wav	CS	421600	8000	8	
MATERIAL_BASE-1S_23777753.wav	TB	18336207	44100	16	
MATERIAL_BASE-1S_23873182.wav	TB	11234122	44100	16	
MATERIAL_BASE-1S_23899736.wav	CS	631040	8000	8	
MATERIAL_BASE-1S_23918692.wav	CS	460656	8000	8	
MATERIAL_BASE-1S_23947710.wav	CS	486000	8000	8	
MATERIAL_BASE-1S_23951814.wav	CS	582432	8000	8	
MATERIAL_BASE-1S_23960654.wav	NB	11700720	48000	16	News
MATERIAL_BASE-1S_24066149.wav	TB	7456207	44100	16	
MATERIAL_BASE-1S_24067987.wav	TB	5332576	32000	16	
MATERIAL_BASE-1S_24092771.wav	NB	5092095	44100	16	Qubanaha
MATERIAL_BASE-1S_24115941.wav	NB	8365770	44100	16	Qubanaha
MATERIAL_BASE-1S_24158650.wav	NB	15575040	48000	16	Wararka VOA
MATERIAL_BASE-1S_24212737.wav	NB	10010700	44100	16	
MATERIAL_BASE-1S_24239129.wav	CS	274080	8000	8	
MATERIAL_BASE-1S_24259029.wav	TB	7923226	44100	16	
MATERIAL_BASE-1S_24263018.wav	TB	7548729	44100	16	
MATERIAL_BASE-1S_24292314.wav	NB	11959479	44100	16	
MATERIAL_BASE-1S_24321279.wav	NB	7357478	44100	16	
MATERIAL_BASE-1S_24332804.wav	CS	645184	8000	8	
MATERIAL_BASE-1S_24442780.wav	NB	9426551	44100	16	Qubanaha
MATERIAL_BASE-1S_24466076.wav	TB	7689938	44100	16	
MATERIAL_BASE-1S_24466670.wav	NB	10094064	48000	16	Warka
MATERIAL_BASE-1S_24468240.wav	CS	300920	8000	8	
MATERIAL_BASE-1S_24482579.wav	NB	12716852	44100	16	Qubanaha
MATERIAL_BASE-1S_24514072.wav	CS	319280	8000	8	
MATERIAL_BASE-1S_24548305.wav	TB	19201584	48000	16	
MATERIAL_BASE-1S_24603057.wav	NB	7353543	44100	16	Qubanaha
MATERIAL_BASE-1S_24635693.wav	NB	10506336	48000	16	
MATERIAL_BASE-1S_24697230.wav	TB	4347984	24000	16	
MATERIAL_BASE-1S_24719632.wav	CS	436176	8000	8	
MATERIAL_BASE-1S_24759893.wav	CS	447448	8000	8	
MATERIAL_BASE-1S_24794973.wav	TB	5932176	24000	16	
MATERIAL_BASE-1S_24816747.wav	TB	7159635	44100	16	
MATERIAL_BASE-1S_24839764.wav	CS	509760	8000	8	
MATERIAL_BASE-1S_25008334.wav	CS	304832	8000	8	
MATERIAL_BASE-1S_25008889.wav	NB	5120858	44100	16	
MATERIAL_BASE-1S_25015441.wav	TB	7666212	44100	16	
MATERIAL_BASE-1S_25062762.wav	NB	8935680	48000	16	News Entertainment Turkish Film Islamic History
MATERIAL_BASE-1S_25166888.wav	NB	12115593	44100	16	
MATERIAL_BASE-1S_25190487.wav	CS	197936	8000	8	
MATERIAL_BASE-1S_25190907.wav	NB	6093648	48000	16	
MATERIAL_BASE-1S_25198387.wav	CS	400536	8000	8	
MATERIAL_BASE-1S_25318461.wav	TB	4182744	24000	16	
MATERIAL_BASE-1S_25404171.wav	TB	7938044	44100	16	
MATERIAL_BASE-1S_25424429.wav	CS	1880696	8000	8	
MATERIAL_BASE-1S_25530135.wav	TB	5683968	32000	16	Barnaamijka Abaaraha
MATERIAL_BASE-1S_25692668.wav	TB	6305632	16000	16	
MATERIAL_BASE-1S_25706357.wav	CS	370192	8000	8	
MATERIAL_BASE-1S_25793167.wav	NB	10532832	48000	16	
MATERIAL_BASE-1S_25831140.wav	TB	6934196	44100	16	
MATERIAL_BASE-1S_25889038.wav	CS	670360	8000	8	
MATERIAL_BASE-1S_26092061.wav	CS	428704	8000	8	
MATERIAL_BASE-1S_26114395.wav	CS	900192	8000	8	
MATERIAL_BASE-1S_26126207.wav	CS	523808	8000	8	
MATERIAL_BASE-1S_26136328.wav	TB	2179068	12000	16	
MATERIAL_BASE-1S_26145413.wav	CS	337560	8000	8	
MATERIAL_BASE-1S_26325029.wav	NB	4645180	44100	16	
MATERIAL_BASE-1S_26378184.wav	NB	10051581	44100	16	
MATERIAL_BASE-1S_26427700.wav	CS	762816	8000	8	
MATERIAL_BASE-1S_26471075.wav	NB	12833100	44100	16	
MATERIAL_BASE-1S_26575313.wav	CS	271408	8000	8	
MATERIAL_BASE-1S_26576646.wav	NB	13346997	44100	16	Qubanaha
MATERIAL_BASE-1S_26651740.wav	NB	8923326	44100	16	Qubanaha
MATERIAL_BASE-1S_26690018.wav	CS	476088	8000	8	
MATERIAL_BASE-1S_26782173.wav	TB	15844380	44100	16	
MATERIAL_BASE-1S_26785666.wav	TB	18321257	44100	16	
MATERIAL_BASE-1S_26888105.wav	TB	34797590	44100	16	Qubanaha
MATERIAL_BASE-1S_26929089.wav	CS	177944	8000	8	
MATERIAL_BASE-1S_27067115.wav	NB	8438888	44100	16	Qubanaha
MATERIAL_BASE-1S_27067617.wav	CS	395120	8000	8	
MATERIAL_BASE-1S_27089497.wav	NB	3810288	48000	16	Barnaamijka Waxbarashada
MATERIAL_BASE-1S_27111139.wav	NB	11406048	48000	16	News
MATERIAL_BASE-1S_27225706.wav	CS	438000	8000	8	
MATERIAL_BASE-1S_27232055.wav	CS	328784	8000	8	
MATERIAL_BASE-1S_27297542.wav	NB	11502779	44100	16	
MATERIAL_BASE-1S_27304048.wav	CS	382592	8000	8	
MATERIAL_BASE-1S_27488399.wav	TB	7901265	44100	16	
MATERIAL_BASE-1S_27524117.wav	CS	262000	8000	8	
MATERIAL_BASE-1S_27527814.wav	TB	6383786	44100	16	
MATERIAL_BASE-1S_27596583.wav	CS	334920	8000	8	
MATERIAL_BASE-1S_27598044.wav	CS	599664	8000	8	
MATERIAL_BASE-1S_27644874.wav	CS	365600	8000	8	
MATERIAL_BASE-1S_27655110.wav	CS	426800	8000	8	
MATERIAL_BASE-1S_27838639.wav	CS	354352	8000	8	
MATERIAL_BASE-1S_27911277.wav	TB	5181664	32000	16	
MATERIAL_BASE-1S_27979695.wav	TB	7229004	44100	16	
MATERIAL_BASE-1S_28251145.wav	NB	11568816	48000	16	News
MATERIAL_BASE-1S_28251331.wav	CS	404824	8000	8	
MATERIAL_BASE-1S_28266317.wav	CS	255808	8000	8	
MATERIAL_BASE-1S_28319741.wav	CS	641808	8000	8	
MATERIAL_BASE-1S_28380387.wav	TB	7909908	44100	16	
MATERIAL_BASE-1S_28393530.wav	TB	9243625	44100	16	
MATERIAL_BASE-1S_28436203.wav	CS	971768	8000	8	
MATERIAL_BASE-1S_28445205.wav	TB	3893088	24000	16	
MATERIAL_BASE-1S_28451999.wav	NB	7134768	48000	16	Newspaper Entertainment News Religious Lecture Animal World
MATERIAL_BASE-1S_28502161.wav	NB	6263655	44100	16	
MATERIAL_BASE-1S_28508149.wav	TB	6725647	44100	16	
MATERIAL_BASE-1S_28687617.wav	TB	11634756	44100	16	
MATERIAL_BASE-1S_28708061.wav	TB	4171440	24000	16	
MATERIAL_BASE-1S_28711922.wav	NB	8634288	48000	16	News
MATERIAL_BASE-1S_28763595.wav	NB	6663552	48000	16	News Entertainment
MATERIAL_BASE-1S_28769867.wav	CS	338560	8000	8	
MATERIAL_BASE-1S_28996690.wav	CS	266064	8000	8	
MATERIAL_BASE-1S_29023026.wav	NB	4392528	48000	16	
MATERIAL_BASE-1S_29066922.wav	TB	8243232	48000	16	Commerce
MATERIAL_BASE-1S_29105731.wav	NB	14970096	48000	16	
MATERIAL_BASE-1S_29117910.wav	TB	5528128	32000	16	
MATERIAL_BASE-1S_29134471.wav	NB	3184386	44100	16	
MATERIAL_BASE-1S_29302492.wav	TB	24621647	44100	16	
MATERIAL_BASE-1S_29360225.wav	TB	5224352	32000	16	Qiimaha Xoolaha
MATERIAL_BASE-1S_29386871.wav	CS	339344	8000	8	
MATERIAL_BASE-1S_29389201.wav	CS	440800	8000	8	
MATERIAL_BASE-1S_29454185.wav	NB	11575721	44100	16	
MATERIAL_BASE-1S_29459270.wav	NB	8709840	48000	16	
MATERIAL_BASE-1S_29470344.wav	CS	410736	8000	8	
MATERIAL_BASE-1S_29500059.wav	CS	334416	8000	8	
MATERIAL_BASE-1S_29708951.wav	TB	2834016	16000	16	
MATERIAL_BASE-1S_29749303.wav	NB	8961456	48000	16	The Weekly News
MATERIAL_BASE-1S_29752691.wav	TB	4416744	24000	16	
MATERIAL_BASE-1S_29774557.wav	CS	321648	8000	8	
MATERIAL_BASE-1S_29779461.wav	TB	3872630	44100	16	
MATERIAL_BASE-1S_29922885.wav	NB	7064026	44100	16	Qubanaha
MATERIAL_BASE-1S_29965939.wav	CS	226256	8000	8	
MATERIAL_BASE-1S_30000017.wav	CS	730880	8000	8	
MATERIAL_BASE-1S_30218299.wav	CS	524816	8000	8	
MATERIAL_BASE-1S_30256559.wav	CS	421880	8000	8	
MATERIAL_BASE-1S_30297535.wav	NB	6143174	44100	16	
MATERIAL_BASE-1S_30302029.wav	NB	7805700	44100	16	
MATERIAL_BASE-1S_30319248.wav	TB	5371424	32000	16	Qiimaha Xoolaha
MATERIAL_BASE-1S_30319569.wav	TB	2957440	16000	16	
MATERIAL_BASE-1S_30555306.wav	NB	7485888	48000	16	Newspaper Entertainment News Religious Lecture Animal World
MATERIAL_BASE-1S_30637503.wav	TB	8143197	44100	16	Barnaamijka Abaaraha
MATERIAL_BASE-1S_30701010.wav	TB	5725632	32000	16	
MATERIAL_BASE-1S_30930983.wav	TB	12770772	44100	16	
MATERIAL_BASE-1S_31058311.wav	NB	13100875	44100	16	
MATERIAL_BASE-1S_31069765.wav	CS	570080	8000	8	
MATERIAL_BASE-1S_31355711.wav	NB	14885470	44100	16	Qubanaha
MATERIAL_BASE-1S_31396829.wav	NB	4134147	44100	16	
MATERIAL_BASE-1S_31438113.wav	NB	6850538	44100	16	
MATERIAL_BASE-1S_31447383.wav	CS	702640	8000	8	
MATERIAL_BASE-1S_31492429.wav	TB	3943200	24000	16	
MATERIAL_BASE-1S_31575517.wav	CS	602088	8000	8	
MATERIAL_BASE-1S_31725011.wav	TB	5322816	32000	16	
MATERIAL_BASE-1S_31727020.wav	TB	8559360	48000	16	
MATERIAL_BASE-1S_31809845.wav	TB	7045857	44100	16	
MATERIAL_BASE-1S_31844998.wav	NB	8056585	44100	16	
MATERIAL_BASE-1S_31941486.wav	TB	15514368	48000	16	
MATERIAL_BASE-1S_31946611.wav	TB	10581168	48000	16	Wargayska
MATERIAL_BASE-1S_32001865.wav	NB	7131504	48000	16	News
MATERIAL_BASE-1S_32019571.wav	NB	2520000	48000	16	
MATERIAL_BASE-1S_32021574.wav	TB	8312136	24000	16	
MATERIAL_BASE-1S_32161960.wav	TB	4583758	44100	16	
MATERIAL_BASE-1S_32212384.wav	CS	690256	8000	8	
MATERIAL_BASE-1S_32240769.wav	NB	3222960	48000	16	News
MATERIAL_BASE-1S_32383322.wav	CS	170944	8000	8	
MATERIAL_BASE-1S_32593149.wav	NB	5712670	44100	16	Qubanaha
MATERIAL_BASE-1S_32608238.wav	TB	1826765	11025	16	
MATERIAL_BASE-1S_32644308.wav	CS	339768	8000	8	
MATERIAL_BASE-1S_32678652.wav	CS	414384	8000	8	
MATERIAL_BASE-1S_32685857.wav	TB	9707232	48000	16	Entertainment Film Series News Ween in Africa
MATERIAL_BASE-1S_32878847.wav	NB	7204793	44100	16	Qubanaha
MATERIAL_BASE-1S_32880373.wav	TB	5062068	44100	16	
MATERIAL_BASE-1S_32893194.wav	NB	2564984	44100	16	
MATERIAL_BASE-1S_33110150.wav	TB	7503306	44100	16	
MATERIAL_BASE-1S_33122045.wav	TB	5828704	32000	16	
MATERIAL_BASE-1S_33169635.wav	NB	7757520	48000	16	News Entertainment
MATERIAL_BASE-1S_33206445.wav	TB	6116376	44100	16	
MATERIAL_BASE-1S_33359186.wav	CS	430792	8000	8	
MATERIAL_BASE-1S_33392104.wav	NB	16697568	48000	16	Gabagabadii Mashaaricihii
MATERIAL_BASE-1S_33405158.wav	TB	7067378	44100	16	Barnaamijka Abaaraha
MATERIAL_BASE-1S_33434070.wav	TB	2887840	16000	16	Maalin Qad Oo Walaalkaa Quudi
MATERIAL_BASE-1S_33484458.wav	NB	4734576	44100	16	
MATERIAL_BASE-1S_33502159.wav	CS	286320	8000	8	
MATERIAL_BASE-1S_33570742.wav	TB	8935555	44100	16	
MATERIAL_BASE-1S_33577730.wav	TB	6530575	44100	16	
MATERIAL_BASE-1S_33599975.wav	TB	8346269	44100	16	
MATERIAL_BASE-1S_33614158.wav	NB	15992016	48000	16	
MATERIAL_BASE-1S_33645913.wav	CS	272608	8000	8	
MATERIAL_BASE-1S_33703498.wav	CS	590320	8000	8	
MATERIAL_BASE-1S_33704532.wav	TB	7945144	44100	16	
MATERIAL_BASE-1S_33752193.wav	TB	16435392	48000	16	
MATERIAL_BASE-1S_33775303.wav	TB	7856283	44100	16	
MATERIAL_BASE-1S_33826052.wav	CS	653280	8000	8	
MATERIAL_BASE-1S_33827837.wav	TB	4404624	24000	16	
MATERIAL_BASE-1S_33829571.wav	NB	13791614	44100	16	Wararka VOA
MATERIAL_BASE-1S_33906876.wav	TB	5565408	32000	16	
MATERIAL_BASE-1S_33982419.wav	TB	7682132	44100	16	
MATERIAL_BASE-1S_34024256.wav	NB	11818800	44100	16	
MATERIAL_BASE-1S_34077948.wav	CS	1328504	8000	8	
MATERIAL_BASE-1S_34195796.wav	CS	861488	8000	8	
MATERIAL_BASE-1S_34226549.wav	NB	9045439	44100	16	
MATERIAL_BASE-1S_34417461.wav	CS	260128	8000	8	
MATERIAL_BASE-1S_34570623.wav	NB	12194400	44100	16	
MATERIAL_BASE-1S_34596574.wav	CS	242432	8000	8	
MATERIAL_BASE-1S_34663454.wav	NB	14223838	44100	16	Wararka VOA
MATERIAL_BASE-1S_34686750.wav	CS	290960	8000	8	
MATERIAL_BASE-1S_34726640.wav	CS	653680	8000	8	
MATERIAL_BASE-1S_34994287.wav	TB	9348053	44100	16	
MATERIAL_BASE-1S_35002814.wav	CS	370000	8000	8	
MATERIAL_BASE-1S_35061781.wav	NB	10344432	48000	16	News
MATERIAL_BASE-1S_35090562.wav	TB	3928224	24000	16	
MATERIAL_BASE-1S_35160562.wav	NB	6486096	48000	16	News
MATERIAL_BASE-1S_35183460.wav	TB	4316184	24000	16	
MATERIAL_BASE-1S_35198245.wav	NB	6541353	44100	16	
MATERIAL_BASE-1S_35323485.wav	TB	12748544	32000	16	
MATERIAL_BASE-1S_35439233.wav	CS	514800	8000	8	
MATERIAL_BASE-1S_35446755.wav	NB	5668656	48000	16	The Weekly News
MATERIAL_BASE-1S_35451972.wav	NB	9195952	44100	16	
MATERIAL_BASE-1S_35543143.wav	NB	6663744	48000	16	News Religious Lecture
MATERIAL_BASE-1S_35560400.wav	TB	12850304	32000	16	
MATERIAL_BASE-1S_35697927.wav	CS	442192	8000	8	
MATERIAL_BASE-1S_35756871.wav	CS	354664	8000	8	
MATERIAL_BASE-1S_35854850.wav	CS	670528	8000	8	
MATERIAL_BASE-1S_35897562.wav	CS	212304	8000	8	
MATERIAL_BASE-1S_35911923.wav	TB	11251733	44100	16	
MATERIAL_BASE-1S_35917428.wav	NB	8630688	48000	16	News
MATERIAL_BASE-1S_35937470.wav	TB	32800125	44100	16	Qubanaha
MATERIAL_BASE-1S_35965937.wav	CS	603424	8000	8	
MATERIAL_BASE-1S_36023395.wav	NB	11034528	48000	16	
MATERIAL_BASE-1S_36135110.wav	NB	12744900	44100	16	
MATERIAL_BASE-1S_36150043.wav	NB	4767696	48000	16	News
MATERIAL_BASE-1S_36223103.wav	TB	14053656	44100	16	
MATERIAL_BASE-1S_36258445.wav	TB	2901440	16000	16	
MATERIAL_BASE-1S_36289979.wav	NB	12118812	44100	16	
MATERIAL_BASE-1S_36361855.wav	NB	11410224	48000	16	Dabagalka Wararka
MATERIAL_BASE-1S_36420377.wav	CS	1037840	8000	8	
MATERIAL_BASE-1S_36460292.wav	CS	280496	8000	8	
MATERIAL_BASE-1S_36471828.wav	TB	18539199	44100	16	
MATERIAL_BASE-1S_36515420.wav	TB	15104779	44100	16	
MATERIAL_BASE-1S_36523917.wav	CS	883152	8000	8	
MATERIAL_BASE-1S_36737803.wav	NB	11036069	44100	16	
MATERIAL_BASE-1S_36814706.wav	CS	210640	8000	8	
MATERIAL_BASE-1S_36922852.wav	NB	10062650	44100	16	Qubanaha
MATERIAL_BASE-1S_36934018.wav	CS	363424	8000	8	
MATERIAL_BASE-1S_36956289.wav	NB	11523198	44100	16	Qubanaha
MATERIAL_BASE-1S_36962081.wav	CS	280480	8000	8	
MATERIAL_BASE-1S_37106784.wav	NB	6359837	44100	16	Qubanaha
MATERIAL_BASE-1S_37110825.wav	CS	334240	8000	8	
MATERIAL_BASE-1S_37193159.wav	NB	3700800	48000	16	News
MATERIAL_BASE-1S_37261484.wav	TB	7492061	44100	16	
MATERIAL_BASE-1S_37266700.wav	TB	10728436	44100	16	
MATERIAL_BASE-1S_37299691.wav	CS	290480	8000	8	
MATERIAL_BASE-1S_37308646.wav	NB	11166473	44100	16	
MATERIAL_BASE-1S_37334767.wav	NB	6067536	48000	16	News
MATERIAL_BASE-1S_37678261.wav	CS	470112	8000	8	
MATERIAL_BASE-1S_37750181.wav	NB	6018768	48000	16	News
MATERIAL_BASE-1S_37759465.wav	CS	614704	8000	8	
MATERIAL_BASE-1S_37848341.wav	TB	7362142	44100	16	
MATERIAL_BASE-1S_37901690.wav	CS	483872	8000	8	
MATERIAL_BASE-1S_37928079.wav	TB	11006698	44100	16	
MATERIAL_BASE-1S_37974820.wav	TB	2864080	16000	16	
MATERIAL_BASE-1S_37989896.wav	TB	9118623	22050	16	
MATERIAL_BASE-1S_38018874.wav	NB	3517008	48000	16	Skaashatootinka
MATERIAL_BASE-1S_38036374.wav	NB	9318768	48000	16	News
MATERIAL_BASE-1S_38094883.wav	TB	2801504	16000	16	
MATERIAL_BASE-1S_38105133.wav	CS	302160	8000	8	
MATERIAL_BASE-1S_38150242.wav	TB	7834762	44100	16	
MATERIAL_BASE-1S_38166271.wav	CS	313056	8000	8	
MATERIAL_BASE-1S_38202411.wav	TB	7359893	44100	16	
MATERIAL_BASE-1S_38326055.wav	NB	10230009	44100	16	
MATERIAL_BASE-1S_38328343.wav	NB	13471056	48000	16	
MATERIAL_BASE-1S_38418145.wav	TB	12655712	32000	16	
MATERIAL_BASE-1S_38502471.wav	CS	503280	8000	8	
MATERIAL_BASE-1S_38531786.wav	CS	2016080	8000	8	
MATERIAL_BASE-1S_38613959.wav	TB	5719328	32000	16	
MATERIAL_BASE-1S_38617737.wav	NB	3169114	44100	16	Qubanaha
MATERIAL_BASE-1S_38648686.wav	NB	6087961	44100	16	Qubanaha
MATERIAL_BASE-1S_38661746.wav	CS	2676240	8000	8	
MATERIAL_BASE-1S_38786899.wav	TB	2892166	44100	16	Qubanaha
MATERIAL_BASE-1S_38801518.wav	TB	7272531	44100	16	
MATERIAL_BASE-1S_38814192.wav	TB	6072931	44100	16	
MATERIAL_BASE-1S_38852466.wav	NB	6948336	48000	16	Entertainment News Sport News
MATERIAL_BASE-1S_38918569.wav	CS	692320	8000	8	
MATERIAL_BASE-1S_38932300.wav	CS	285088	8000	8	
MATERIAL_BASE-1S_38979473.wav	TB	5803456	32000	16	
MATERIAL_BASE-1S_39021698.wav	NB	12718368	48000	16	
MATERIAL_BASE-1S_39208053.wav	TB	1734332	11025	16	Raadiyo Ergo
MATERIAL_BASE-1S_39251873.wav	TB	4323960	24000	16	
MATERIAL_BASE-1S_39267737.wav	NB	9000281	44100	16	Qubanaha
MATERIAL_BASE-1S_39268847.wav	CS	1328488	8000	8	
MATERIAL_BASE-1S_39286204.wav	NB	6680400	48000	16	Entertainment Film Series News Ween in Africa
MATERIAL_BASE-1S_39305566.wav	TB	2907664	16000	16	
MATERIAL_BASE-1S_39341008.wav	NB	6533616	48000	16	News
MATERIAL_BASE-1S_39363113.wav	NB	14182416	48000	16	
MATERIAL_BASE-1S_39369586.wav	NB	6654672	48000	16	
MATERIAL_BASE-1S_39498605.wav	NB	7101202	44100	16	
MATERIAL_BASE-1S_39738013.wav	CS	424384	8000	8	
MATERIAL_BASE-1S_39824151.wav	NB	6275121	44100	16	
MATERIAL_BASE-1S_39911420.wav	CS	465840	8000	8	
MATERIAL_BASE-1S_39923053.wav	NB	24407101	44100	16	
MATERIAL_BASE-1S_39954236.wav	CS	512464	8000	8	
MATERIAL_BASE-1S_39966870.wav	CS	290040	8000	8	
MATERIAL_BASE-1S_39977010.wav	TB	6421660	44100	16	
MATERIAL_BASE-1S_40001037.wav	TB	8043267	44100	16	
MATERIAL_BASE-1S_40011723.wav	NB	10136976	48000	16	Dhacdooyinkii
MATERIAL_BASE-1S_40080917.wav	CS	423088	8000	8	
MATERIAL_BASE-1S_40105044.wav	TB	3691536	24000	16	
MATERIAL_BASE-1S_40187076.wav	TB	7938441	44100	16	
MATERIAL_BASE-1S_40253623.wav	CS	963080	8000	8	
MATERIAL_BASE-1S_40275267.wav	TB	4357608	24000	16	
MATERIAL_BASE-1S_40302247.wav	TB	5783583	44100	16	
MATERIAL_BASE-1S_40390012.wav	CS	402560	8000	8	
MATERIAL_BASE-1S_40434013.wav	CS	810176	8000	8	
MATERIAL_BASE-1S_40435670.wav	NB	6351888	48000	16	Newspaper Entertainment News Religious Lecture Animal World
MATERIAL_BASE-1S_40443814.wav	CS	373440	8000	8	
MATERIAL_BASE-1S_40446690.wav	TB	3902696	22050	16	Qiimaha Xoolaha
MATERIAL_BASE-1S_40470982.wav	NB	10274496	48000	16	
MATERIAL_BASE-1S_40638347.wav	TB	7087453	44100	16	
MATERIAL_BASE-1S_40663887.wav	NB	14374968	44100	16	
MATERIAL_BASE-1S_40734197.wav	NB	5175752	44100	16	Qubanaha
MATERIAL_BASE-1S_40736558.wav	CS	700512	8000	8	
MATERIAL_BASE-1S_40742455.wav	NB	8334624	48000	16	Kobcinta Awooda
MATERIAL_BASE-1S_40784214.wav	TB	6504628	44100	16	
MATERIAL_BASE-1S_40852141.wav	CS	445616	8000	8	
MATERIAL_BASE-1S_40941074.wav	TB	3775104	24000	16	
MATERIAL_BASE-1S_40952370.wav	TB	8090057	44100	16	
MATERIAL_BASE-1S_40960963.wav	TB	6037312	32000	16	
MATERIAL_BASE-1S_40979074.wav	TB	4192776	24000	16	
MATERIAL_BASE-1S_40997269.wav	NB	9951650	44100	16	Qubanaha
MATERIAL_BASE-1S_41033803.wav	TB	5742085	44100	16	Qubanaha
MATERIAL_BASE-1S_41035461.wav	NB	6982177	44100	16	
MATERIAL_BASE-1S_41049644.wav	TB	5176416	44100	16	
MATERIAL_BASE-1S_41171558.wav	NB	9867888	48000	16	Shir Jaraa'id
MATERIAL_BASE-1S_41186808.wav	CS	335792	8000	8	
MATERIAL_BASE-1S_41231379.wav	NB	6241164	44100	16	
MATERIAL_BASE-1S_41255281.wav	TB	7930150	44100	16	
MATERIAL_BASE-1S_41263693.wav	TB	5777568	32000	16	Qiimaha Xoolaha
MATERIAL_BASE-1S_41267031.wav	NB	11642400	44100	16	
MATERIAL_BASE-1S_41283854.wav	NB	15033073	44100	16	Qubanaha
MATERIAL_BASE-1S_41542056.wav	CS	874400	8000	8	
MATERIAL_BASE-1S_41592322.wav	NB	7953456	48000	16	Ilalinta Deegaanka
MATERIAL_BASE-1S_41597679.wav	CS	2038080	8000	8	
MATERIAL_BASE-1S_41651065.wav	TB	5664512	32000	16	Barnaamijka Abaaraha
MATERIAL_BASE-1S_41705020.wav	TB	2936704	16000	16	
MATERIAL_BASE-1S_41792679.wav	NB	1757710	44100	16	
MATERIAL_BASE-1S_41987105.wav	NB	15150731	44100	16	
MATERIAL_BASE-1S_42010790.wav	NB	9017184	48000	16	
MATERIAL_BASE-1S_42032623.wav	CS	354200	8000	8	
MATERIAL_BASE-1S_42110192.wav	NB	7674061	44100	16	Qubanaha
MATERIAL_BASE-1S_42122656.wav	CS	781080	8000	8	
MATERIAL_BASE-1S_42174261.wav	TB	7965607	44100	16	
MATERIAL_BASE-1S_42373976.wav	TB	5318830	44100	16	
MATERIAL_BASE-1S_42398713.wav	TB	2896608	16000	16	
MATERIAL_BASE-1S_42624143.wav	NB	3370960	44100	16	Qubanaha
MATERIAL_BASE-1S_42631721.wav	TB	5578752	32000	16	
MATERIAL_BASE-1S_42674326.wav	TB	6840944	44100	16	
MATERIAL_BASE-1S_42816471.wav	CS	226672	8000	8	
MATERIAL_BASE-1S_42906830.wav	NB	16922890	44100	16	
MATERIAL_BASE-1S_42942455.wav	TB	2510525	44100	16	Qubanaha
MATERIAL_BASE-1S_43091973.wav	CS	1586584	8000	8	
MATERIAL_BASE-1S_43126269.wav	CS	208128	8000	8	
MATERIAL_BASE-1S_43165246.wav	TB	14899935	44100	16	
MATERIAL_BASE-1S_43336004.wav	CS	382880	8000	8	
MATERIAL_BASE-1S_43425540.wav	NB	11928609	44100	16	
MATERIAL_BASE-1S_43447944.wav	NB	6148416	48000	16	News
MATERIAL_BASE-1S_43482734.wav	NB	2739671	44100	16	
MATERIAL_BASE-1S_43491476.wav	NB	11143894	44100	16	
MATERIAL_BASE-1S_43642144.wav	CS	1198480	8000	8	
MATERIAL_BASE-1S_43664644.wav	CS	540544	8000	8	
MATERIAL_BASE-1S_43704512.wav	CS	631152	8000	8	
MATERIAL_BASE-1S_43719100.wav	TB	7942704	44100	16	
MATERIAL_BASE-1S_43731021.wav	NB	14028827	44100	16	Wararka VOA
MATERIAL_BASE-1S_43731953.wav	CS	605920	8000	8	
MATERIAL_BASE-1S_43732778.wav	CS	191264	8000	8	
MATERIAL_BASE-1S_44052287.wav	CS	667232	8000	8	
MATERIAL_BASE-1S_44172823.wav	CS	246848	8000	8	
MATERIAL_BASE-1S_44205616.wav	NB	10962290	44100	16	
MATERIAL_BASE-1S_44207259.wav	TB	1872210	11025	16	
MATERIAL_BASE-1S_44411670.wav	CS	470960	8000	8	
MATERIAL_BASE-1S_44487611.wav	CS	386592	8000	8	
MATERIAL_BASE-1S_44500948.wav	CS	374280	8000	8	
MATERIAL_BASE-1S_44517734.wav	NB	11211216	48000	16	
MATERIAL_BASE-1S_44520063.wav	CS	471760	8000	8	
MATERIAL_BASE-1S_44571633.wav	TB	2683856	16000	16	
MATERIAL_BASE-1S_44595158.wav	NB	6522125	44100	16	
MATERIAL_BASE-1S_44596545.wav	NB	2552692	44100	16	
MATERIAL_BASE-1S_44659707.wav	CS	319048	8000	8	
MATERIAL_BASE-1S_44663739.wav	CS	600984	8000	8	
MATERIAL_BASE-1S_44720284.wav	NB	4816073	44100	16	
MATERIAL_BASE-1S_44751527.wav	NB	8235744	48000	16	Entertainment News Sport News
MATERIAL_BASE-1S_44825617.wav	CS	177904	8000	8	
MATERIAL_BASE-1S_44855339.wav	TB	5326560	32000	16	
MATERIAL_BASE-1S_44941831.wav	TB	5098789	44100	16	
MATERIAL_BASE-1S_44962498.wav	NB	8427554	44100	16	
MATERIAL_BASE-1S_44971363.wav	CS	312944	8000	8	
MATERIAL_BASE-1S_44984094.wav	TB	19600080	48000	16	
MATERIAL_BASE-1S_45132931.wav	TB	2905440	16000	16	
MATERIAL_BASE-1S_45281509.wav	TB	4188216	24000	16	
MATERIAL_BASE-1S_45302757.wav	TB	7416240	48000	16	
MATERIAL_BASE-1S_45350223.wav	NB	7414842	44100	16	
MATERIAL_BASE-1S_45376249.wav	TB	3781663	22050	16	
MATERIAL_BASE-1S_45383779.wav	NB	11456519	44100	16	Qubanaha
MATERIAL_BASE-1S_45445852.wav	NB	19054368	48000	16	
MATERIAL_BASE-1S_45465923.wav	NB	2982624	48000	16	News
MATERIAL_BASE-1S_45489132.wav	NB	14389521	44100	16	
MATERIAL_BASE-1S_45545381.wav	TB	7412681	44100	16	
MATERIAL_BASE-1S_45550114.wav	TB	5671520	32000	16	
MATERIAL_BASE-1S_45725054.wav	NB	7996416	48000	16	News
MATERIAL_BASE-1S_45756079.wav	CS	583104	8000	8	
MATERIAL_BASE-1S_45757642.wav	CS	352800	8000	8	
MATERIAL_BASE-1S_45790877.wav	CS	595040	8000	8	
MATERIAL_BASE-1S_45838940.wav	TB	6742317	44100	16	Qubanaha
MATERIAL_BASE-1S_45846268.wav	TB	7510230	44100	16	
MATERIAL_BASE-1S_45875708.wav	NB	6613456	44100	16	Qubanaha
MATERIAL_BASE-1S_45896525.wav	CS	289272	8000	8	
MATERIAL_BASE-1S_45936656.wav	TB	26367469	44100	16	
MATERIAL_BASE-1S_45959748.wav	CS	285440	8000	8	
MATERIAL_BASE-1S_45992875.wav	TB	7553845	44100	16	
MATERIAL_BASE-1S_46039781.wav	TB	10496947	44100	16	Qubanaha
MATERIAL_BASE-1S_46117175.wav	CS	332080	8000	8	
MATERIAL_BASE-1S_46145350.wav	CS	526296	8000	8	
MATERIAL_BASE-1S_46165248.wav	TB	5850560	32000	16	
MATERIAL_BASE-1S_46204485.wav	TB	8584728	44100	16	
MATERIAL_BASE-1S_46243663.wav	TB	4722265	44100	16	
MATERIAL_BASE-1S_46348152.wav	CS	377040	8000	8	
MATERIAL_BASE-1S_46366944.wav	CS	530000	8000	8	
MATERIAL_BASE-1S_46443336.wav	CS	402640	8000	8	
MATERIAL_BASE-1S_46513311.wav	TB	7917052	44100	16	
MATERIAL_BASE-1S_46521637.wav	NB	11722045	44100	16	
MATERIAL_BASE-1S_46631135.wav	TB	18041805	44100	16	
MATERIAL_BASE-1S_46653029.wav	NB	10100400	48000	16	News Entertainment
MATERIAL_BASE-1S_46853783.wav	TB	2803776	16000	16	
MATERIAL_BASE-1S_46904337.wav	CS	682520	8000	8	
MATERIAL_BASE-1S_46936681.wav	CS	635760	8000	8	
MATERIAL_BASE-1S_46957844.wav	TB	7957580	44100	16	
MATERIAL_BASE-1S_47010139.wav	CS	196800	8000	8	
MATERIAL_BASE-1S_47114378.wav	NB	6313621	44100	16	
MATERIAL_BASE-1S_47154273.wav	TB	12714647	44100	16	Qubanaha
MATERIAL_BASE-1S_47160450.wav	NB	9833330	44100	16	Qubanaha
MATERIAL_BASE-1S_47330379.wav	TB	15237741	44100	16	
MATERIAL_BASE-1S_47423413.wav	NB	11598300	44100	16	
MATERIAL_BASE-1S_47469904.wav	NB	6761904	48000	16	Newspaper Entertainment News Religious Lecture Animal World
MATERIAL_BASE-1S_47495172.wav	CS	2462880	8000	8	
MATERIAL_BASE-1S_47505325.wav	CS	573136	8000	8	
MATERIAL_BASE-1S_47542286.wav	TB	2167092	12000	16	
MATERIAL_BASE-1S_47692636.wav	NB	7090883	44100	16	Qubanaha
MATERIAL_BASE-1S_47707413.wav	TB	7706431	44100	16	
MATERIAL_BASE-1S_47712849.wav	TB	11440128	44100	16	
MATERIAL_BASE-1S_47818823.wav	TB	3997400	22050	16	
MATERIAL_BASE-1S_47889656.wav	TB	7668960	48000	16	Commerce
MATERIAL_BASE-1S_47906694.wav	TB	5168520	44100	16	
MATERIAL_BASE-1S_47963720.wav	TB	8135877	44100	16	
MATERIAL_BASE-1S_48199219.wav	TB	2556000	16000	16	
MATERIAL_BASE-1S_48207315.wav	CS	465872	8000	8	
MATERIAL_BASE-1S_48245749.wav	NB	13711043	44100	16	Qubanaha
MATERIAL_BASE-1S_48291496.wav	NB	11387184	48000	16	
MATERIAL_BASE-1S_48337334.wav	CS	426288	8000	8	
MATERIAL_BASE-1S_48363823.wav	CS	344280	8000	8	
MATERIAL_BASE-1S_48438685.wav	NB	11566368	48000	16	
MATERIAL_BASE-1S_48508683.wav	TB	7317998	44100	16	Qubanaha
MATERIAL_BASE-1S_48520617.wav	TB	4351896	24000	16	
MATERIAL_BASE-1S_48529828.wav	TB	11713092	44100	16	Qubanaha
MATERIAL_BASE-1S_48571150.wav	CS	310160	8000	8	
MATERIAL_BASE-1S_48706825.wav	TB	5420320	32000	16	
MATERIAL_BASE-1S_48882940.wav	TB	2874336	16000	16	
MATERIAL_BASE-1S_48938730.wav	TB	14742233	44100	16	
MATERIAL_BASE-1S_48958266.wav	CS	525504	8000	8	
MATERIAL_BASE-1S_49064640.wav	TB	5508480	32000	16	
MATERIAL_BASE-1S_49072712.wav	CS	284816	8000	8	
MATERIAL_BASE-1S_49099049.wav	TB	5348376	44100	16	
MATERIAL_BASE-1S_49188831.wav	CS	477696	8000	8	
MATERIAL_BASE-1S_49237629.wav	TB	7504276	44100	16	
MATERIAL_BASE-1S_49287399.wav	TB	12698771	44100	16	
MATERIAL_BASE-1S_49299443.wav	NB	6416197	44100	16	Qubanaha
MATERIAL_BASE-1S_49313139.wav	TB	4165560	24000	16	
MATERIAL_BASE-1S_49409190.wav	TB	8152502	44100	16	
MATERIAL_BASE-1S_49459403.wav	CS	402080	8000	8	
MATERIAL_BASE-1S_49601849.wav	CS	837896	8000	8	
MATERIAL_BASE-1S_49678167.wav	TB	4249440	24000	16	
MATERIAL_BASE-1S_49700856.wav	TB	1903455	11025	16	
MATERIAL_BASE-1S_49850862.wav	TB	8317296	48000	16	
MATERIAL_BASE-1S_49855759.wav	NB	10909392	48000	16	News Religious Lecture
MATERIAL_BASE-1S_49936405.wav	TB	6813715	44100	16	Qubanaha
MATERIAL_BASE-1S_49985013.wav	CS	502848	8000	8	
MATERIAL_BASE-1S_49998648.wav	TB	5907552	32000	16	
MATERIAL_BASE-1S_50001128.wav	TB	8013146	44100	16	Barnaamijka Abaaraha
MATERIAL_BASE-1S_50009096.wav	CS	327352	8000	8	
MATERIAL_BASE-1S_50099969.wav	CS	302640	8000	8	
MATERIAL_BASE-1S_50128757.wav	NB	9163248	48000	16	
MATERIAL_BASE-1S_50261784.wav	CS	342656	8000	8	
MATERIAL_BASE-1S_50304395.wav	CS	305200	8000	8	
MATERIAL_BASE-1S_50384662.wav	NB	7701792	48000	16	News Religious Lecture
MATERIAL_BASE-1S_50419300.wav	CS	463680	8000	8	
MATERIAL_BASE-1S_50472784.wav	NB	3417863	44100	16	
MATERIAL_BASE-1S_50486543.wav	NB	14607772	44100	16	
MATERIAL_BASE-1S_50487102.wav	CS	532664	8000	8	
MATERIAL_BASE-1S_50501160.wav	CS	249600	8000	8	
MATERIAL_BASE-1S_50679346.wav	TB	5629184	32000	16	
MATERIAL_BASE-1S_50685291.wav	NB	12335431	44100	16	
MATERIAL_BASE-1S_50700983.wav	CS	413760	8000	8	
MATERIAL_BASE-1S_50707548.wav	TB	11616192	32000	16	
MATERIAL_BASE-1S_50707573.wav	CS	404560	8000	8	
MATERIAL_BASE-1S_50745117.wav	CS	593968	8000	8	
MATERIAL_BASE-1S_50804720.wav	NB	6173532	44100	16	
MATERIAL_BASE-1S_50816977.wav	TB	2831952	16000	16	Barnaamijka Abaaraha
MATERIAL_BASE-1S_50834760.wav	TB	7850726	44100	16	
MATERIAL_BASE-1S_50850396.wav	CS	564928	8000	8	
MATERIAL_BASE-1S_50941082.wav	NB	10590086	44100	16	
MATERIAL_BASE-1S_50949966.wav	NB	7758864	48000	16	News
MATERIAL_BASE-1S_51032794.wav	CS	883200	8000	8	
MATERIAL_BASE-1S_51074999.wav	CS	653696	8000	8	
MATERIAL_BASE-1S_51212757.wav	NB	11712912	48000	16	
MATERIAL_BASE-1S_51241141.wav	NB	5876208	48000	16	News
MATERIAL_BASE-1S_51293480.wav	TB	7803848	44100	16	
MATERIAL_BASE-1S_51309109.wav	CS	582448	8000	8	
MATERIAL_BASE-1S_51337908.wav	TB	8090057	44100	16	
MATERIAL_BASE-1S_51339414.wav	NB	5319077	44100	16	Qubanaha
MATERIAL_BASE-1S_51354683.wav	TB	2162652	12000	16	
MATERIAL_BASE-1S_51388582.wav	CS	390160	8000	8	
MATERIAL_BASE-1S_51402459.wav	CS	732096	8000	8	
MATERIAL_BASE-1S_51426485.wav	CS	353280	8000	8	
MATERIAL_BASE-1S_51450507.wav	CS	303840	8000	8	
MATERIAL_BASE-1S_51509272.wav	TB	7074125	44100	16	
MATERIAL_BASE-1S_51541346.wav	CS	386224	8000	8	
MATERIAL_BASE-1S_51557985.wav	CS	634192	8000	8	
MATERIAL_BASE-1S_51585096.wav	TB	7424500	44100	16	Barnaamijka Abaaraha
MATERIAL_BASE-1S_51652813.wav	CS	750544	8000	8	
MATERIAL_BASE-1S_51663598.wav	TB	7663918	44100	16	
MATERIAL_BASE-1S_51747023.wav	NB	13030176	48000	16	
MATERIAL_BASE-1S_51825239.wav	NB	1348210	44100	16	
MATERIAL_BASE-1S_52041344.wav	TB	7510363	44100	16	
MATERIAL_BASE-1S_52075113.wav	NB	11589696	48000	16	
MATERIAL_BASE-1S_52112708.wav	CS	418440	8000	8	
MATERIAL_BASE-1S_52114380.wav	TB	7823693	44100	16	
MATERIAL_BASE-1S_52173990.wav	NB	5327376	48000	16	The Weekly News
MATERIAL_BASE-1S_52228070.wav	CS	356080	8000	8	
MATERIAL_BASE-1S_52242536.wav	TB	4243368	24000	16	
MATERIAL_BASE-1S_52275913.wav	CS	437056	8000	8	
MATERIAL_BASE-1S_52300096.wav	CS	358624	8000	8	
MATERIAL_BASE-1S_52356537.wav	NB	5437486	44100	16	Qubanaha
MATERIAL_BASE-1S_52423439.wav	CS	385520	8000	8	
MATERIAL_BASE-1S_52453219.wav	TB	2734448	16000	16	
MATERIAL_BASE-1S_52589247.wav	TB	8526912	48000	16	
MATERIAL_BASE-1S_52679011.wav	CS	488248	8000	8	
MATERIAL_BASE-1S_52711548.wav	TB	9312720	24000	16	
MATERIAL_BASE-1S_52744050.wav	NB	11780742	44100	16	Qubanaha
MATERIAL_BASE-1S_52746139.wav	NB	8885048	44100	16	Qubanaha
MATERIAL_BASE-1S_52764430.wav	CS	317440	8000	8	
MATERIAL_BASE-1S_52780355.wav	NB	9337381	44100	16	
MATERIAL_BASE-1S_52860542.wav	NB	8923106	44100	16	Qubanaha
MATERIAL_BASE-1S_52971083.wav	NB	6512556	44100	16	Qubanaha
MATERIAL_BASE-1S_53027795.wav	TB	15524435	44100	16	
MATERIAL_BASE-1S_53081494.wav	TB	10792637	44100	16	
MATERIAL_BASE-1S_53086167.wav	CS	341840	8000	8	
MATERIAL_BASE-1S_53225772.wav	NB	5875728	48000	16	News
MATERIAL_BASE-1S_53379293.wav	NB	8640000	48000	16	
MATERIAL_BASE-1S_53397827.wav	NB	10196978	44100	16	Qubanaha
MATERIAL_BASE-1S_53431867.wav	CS	399688	8000	8	
MATERIAL_BASE-1S_53476581.wav	CS	244800	8000	8	
MATERIAL_BASE-1S_53486649.wav	CS	199728	8000	8	
MATERIAL_BASE-1S_53543668.wav	CS	281568	8000	8	
MATERIAL_BASE-1S_53617441.wav	NB	8714640	48000	16	Wargayska
MATERIAL_BASE-1S_53640422.wav	TB	5908327	44100	16	
MATERIAL_BASE-1S_53658734.wav	TB	7383884	44100	16	
MATERIAL_BASE-1S_53676215.wav	NB	10229304	44100	16	
MATERIAL_BASE-1S_53726114.wav	TB	15787006	44100	16	
MATERIAL_BASE-1S_53761414.wav	NB	6788304	48000	16	
MATERIAL_BASE-1S_53768539.wav	CS	259056	8000	8	
MATERIAL_BASE-1S_53782312.wav	NB	10194912	48000	16	
MATERIAL_BASE-1S_53954166.wav	NB	3705671	44100	16	
MATERIAL_BASE-1S_53990361.wav	NB	14758682	44100	16	Wararka VOA
MATERIAL_BASE-1S_53995252.wav	NB	16942368	48000	16	
MATERIAL_BASE-1S_54045811.wav	CS	875792	8000	8	
MATERIAL_BASE-1S_54135585.wav	TB	4267896	24000	16	
MATERIAL_BASE-1S_54183972.wav	NB	7199808	48000	16	Report on Car News Newspaper
MATERIAL_BASE-1S_54187536.wav	CS	418200	8000	8	
MATERIAL_BASE-1S_54266765.wav	NB	8808624	48000	16	News
MATERIAL_BASE-1S_54375203.wav	CS	262912	8000	8	
MATERIAL_BASE-1S_54426961.wav	CS	1194160	8000	8	
MATERIAL_BASE-1S_54498923.wav	TB	2742576	16000	16	
MATERIAL_BASE-1S_54524677.wav	NB	6912587	44100	16	
MATERIAL_BASE-1S_54547878.wav	CS	271776	8000	8	
MATERIAL_BASE-1S_54549054.wav	TB	5855392	32000	16	
MATERIAL_BASE-1S_54701533.wav	CS	379680	8000	8	
MATERIAL_BASE-1S_54702895.wav	CS	986400	8000	8	
MATERIAL_BASE-1S_54929244.wav	CS	438960	8000	8	
MATERIAL_BASE-1S_55066413.wav	TB	4247963	44100	16	
MATERIAL_BASE-1S_55076502.wav	TB	8620080	48000	16	
MATERIAL_BASE-1S_55112848.wav	CS	309200	8000	8	
MATERIAL_BASE-1S_55145845.wav	CS	739040	8000	8	
MATERIAL_BASE-1S_55149657.wav	CS	525152	8000	8	
MATERIAL_BASE-1S_55309546.wav	NB	5491685	44100	16	Qubanaha
MATERIAL_BASE-1S_55446734.wav	TB	2926832	16000	16	
MATERIAL_BASE-1S_55489149.wav	CS	368400	8000	8	
MATERIAL_BASE-1S_55637316.wav	TB	8130096	48000	16	
MATERIAL_BASE-1S_55704530.wav	TB	7278264	44100	16	
MATERIAL_BASE-1S_55829546.wav	TB	2125128	12000	16	
MATERIAL_BASE-1S_55934769.wav	TB	7879303	44100	16	Barnaamijka Abaaraha
MATERIAL_BASE-1S_56091512.wav	CS	447200	8000	8	
MATERIAL_BASE-1S_56103012.wav	TB	3237971	44100	16	
MATERIAL_BASE-1S_56198794.wav	NB	22817560	44100	16	
MATERIAL_BASE-1S_56431818.wav	NB	4422960	48000	16	News
MATERIAL_BASE-1S_56511950.wav	CS	559120	8000	8	
MATERIAL_BASE-1S_56560625.wav	CS	587400	8000	8	
MATERIAL_BASE-1S_56673766.wav	CS	756888	8000	8	
MATERIAL_BASE-1S_56689929.wav	CS	440016	8000	8	
MATERIAL_BASE-1S_56796180.wav	NB	7449024	48000	16	Warka
MATERIAL_BASE-1S_56839065.wav	CS	586688	8000	8	
MATERIAL_BASE-1S_56843075.wav	CS	582640	8000	8	
MATERIAL_BASE-1S_56858568.wav	TB	6346217	44100	16	
MATERIAL_BASE-1S_56934279.wav	CS	380880	8000	8	
MATERIAL_BASE-1S_56983701.wav	NB	11174928	48000	16	Dhacdooyinkii
MATERIAL_BASE-1S_57003980.wav	TB	2843632	16000	16	Barnaamijka Abaaraha
MATERIAL_BASE-1S_57092893.wav	NB	6133392	48000	16	The Weekly News
MATERIAL_BASE-1S_57147511.wav	TB	5225056	32000	16	
MATERIAL_BASE-1S_57168258.wav	CS	450400	8000	8	
MATERIAL_BASE-1S_57193858.wav	NB	10715903	44100	16	
MATERIAL_BASE-1S_57218553.wav	CS	390000	8000	8	
MATERIAL_BASE-1S_57223928.wav	NB	3225871	44100	16	Qubanaha
MATERIAL_BASE-1S_57238677.wav	NB	6660908	44100	16	
MATERIAL_BASE-1S_57254980.wav	CS	507344	8000	8	
MATERIAL_BASE-1S_57343178.wav	NB	11650080	48000	16	
MATERIAL_BASE-1S_57366550.wav	TB	5574528	32000	16	
MATERIAL_BASE-1S_57389973.wav	TB	1890384	12000	16	Barnaamijka Abaaraha
MATERIAL_BASE-1S_57390055.wav	TB	4275971	44100	16	
MATERIAL_BASE-1S_57510430.wav	NB	8340768	48000	16	News
MATERIAL_BASE-1S_57533900.wav	CS	1061120	8000	8	
MATERIAL_BASE-1S_57540858.wav	NB	7690114	44100	16	
MATERIAL_BASE-1S_57636014.wav	TB	6573297	44100	16	
MATERIAL_BASE-1S_57648347.wav	TB	4316904	24000	16	
MATERIAL_BASE-1S_57648720.wav	TB	6970358	44100	16	
MATERIAL_BASE-1S_57677469.wav	TB	4264320	24000	16	
MATERIAL_BASE-1S_57698535.wav	NB	6023663	44100	16	Wararka VOA
MATERIAL_BASE-1S_57705566.wav	TB	2659796	44100	16	
MATERIAL_BASE-1S_57782746.wav	CS	478040	8000	8	
MATERIAL_BASE-1S_58010549.wav	TB	4594467	44100	16	
MATERIAL_BASE-1S_58045980.wav	TB	7143803	44100	16	
MATERIAL_BASE-1S_58111024.wav	TB	7391028	44100	16	
MATERIAL_BASE-1S_58238632.wav	CS	531288	8000	8	
MATERIAL_BASE-1S_58249300.wav	TB	2602688	16000	16	
MATERIAL_BASE-1S_58266570.wav	NB	11001759	44100	16	
MATERIAL_BASE-1S_58302240.wav	CS	252848	8000	8	
MATERIAL_BASE-1S_58308388.wav	TB	7659068	44100	16	
MATERIAL_BASE-1S_58315882.wav	CS	578864	8000	8	
MATERIAL_BASE-1S_58407187.wav	TB	5775328	32000	16	
MATERIAL_BASE-1S_58411660.wav	TB	7660787	44100	16	
MATERIAL_BASE-1S_58423482.wav	TB	2877648	16000	16	
MATERIAL_BASE-1S_58506821.wav	NB	11110863	44100	16	
MATERIAL_BASE-1S_58541633.wav	CS	755648	8000	8	
MATERIAL_BASE-1S_58616213.wav	NB	8069376	48000	16	News
MATERIAL_BASE-1S_58723738.wav	TB	6642077	44100	16	Barnaamijka Masaraxa
MATERIAL_BASE-1S_58728827.wav	TB	3697776	24000	16	Barnaamijka Abaaraha
MATERIAL_BASE-1S_58763317.wav	TB	38820820	44100	16	
MATERIAL_BASE-1S_58819102.wav	TB	6087141	44100	16	
MATERIAL_BASE-1S_58839212.wav	NB	15126300	44100	16	
MATERIAL_BASE-1S_58919000.wav	TB	7531310	44100	16	
MATERIAL_BASE-1S_58959776.wav	TB	6563490	44100	16	
MATERIAL_BASE-1S_58990708.wav	CS	531784	8000	8	
MATERIAL_BASE-1S_59000901.wav	CS	436960	8000	8	
MATERIAL_BASE-1S_59123043.wav	NB	6644016	48000	16	Entertainment
MATERIAL_BASE-1S_59143774.wav	NB	9261936	48000	16	News
MATERIAL_BASE-1S_59212055.wav	TB	7999691	44100	16	
MATERIAL_BASE-1S_59275299.wav	NB	6531695	44100	16	Qubanaha
MATERIAL_BASE-1S_59348251.wav	CS	482840	8000	8	
MATERIAL_BASE-1S_59392505.wav	CS	312832	8000	8	
MATERIAL_BASE-1S_59411639.wav	TB	3966839	22050	16	
MATERIAL_BASE-1S_59477386.wav	NB	9577680	48000	16	News
MATERIAL_BASE-1S_59482873.wav	TB	9183384	44100	16	
MATERIAL_BASE-1S_59487143.wav	CS	413760	8000	8	
MATERIAL_BASE-1S_59531850.wav	TB	7975794	44100	16	Qubanaha
MATERIAL_BASE-1S_59581514.wav	NB	5917382	44100	16	Qubanaha
MATERIAL_BASE-1S_59609489.wav	TB	6676576	16000	16	
MATERIAL_BASE-1S_59714799.wav	NB	6762048	48000	16	Kobcinta Awooda
MATERIAL_BASE-1S_59759618.wav	CS	1140832	8000	8	
MATERIAL_BASE-1S_59819264.wav	TB	15188532	44100	16	
MATERIAL_BASE-1S_59821959.wav	TB	2736432	16000	16	Barnaamijka Abaaraha
MATERIAL_BASE-1S_59946559.wav	CS	525872	8000	8	
MATERIAL_BASE-1S_59963808.wav	CS	322560	8000	8	
MATERIAL_BASE-1S_60083443.wav	TB	2854048	16000	16	
MATERIAL_BASE-1S_60113040.wav	NB	10724635	44100	16	Qubanaha
MATERIAL_BASE-1S_60146298.wav	NB	8139792	48000	16	
MATERIAL_BASE-1S_60151537.wav	CS	674704	8000	8	
MATERIAL_BASE-1S_60160777.wav	CS	317200	8000	8	
MATERIAL_BASE-1S_60163323.wav	TB	7295521	44100	16	
MATERIAL_BASE-1S_60218408.wav	TB	14988796	44100	16	
MATERIAL_BASE-1S_60293469.wav	TB	5672096	32000	16	
MATERIAL_BASE-1S_60411183.wav	NB	7978263	44100	16	
MATERIAL_BASE-1S_60543810.wav	TB	6967800	44100	16	
MATERIAL_BASE-1S_60561008.wav	CS	249984	8000	8	
MATERIAL_BASE-1S_60633094.wav	NB	14017728	48000	16	
MATERIAL_BASE-1S_60644197.wav	NB	10403904	48000	16	
MATERIAL_BASE-1S_60659963.wav	CS	378560	8000	8	
MATERIAL_BASE-1S_60703206.wav	TB	7830176	44100	16	
MATERIAL_BASE-1S_60705178.wav	TB	5712160	32000	16	
MATERIAL_BASE-1S_60724380.wav	TB	6133259	44100	16	
MATERIAL_BASE-1S_60744489.wav	NB	10924944	48000	16	
MATERIAL_BASE-1S_60757066.wav	TB	8078106	44100	16	
MATERIAL_BASE-1S_60789866.wav	CS	299200	8000	8	
MATERIAL_BASE-1S_60920360.wav	NB	5724480	48000	16	Warka
MATERIAL_BASE-1S_60921083.wav	NB	6459408	48000	16	News
MATERIAL_BASE-1S_61040280.wav	TB	7660258	44100	16	
MATERIAL_BASE-1S_61046566.wav	TB	13056000	32000	16	
MATERIAL_BASE-1S_61065252.wav	TB	4304784	24000	16	
MATERIAL_BASE-1S_61083004.wav	NB	24618528	48000	16	Maaweelada Caruurta
MATERIAL_BASE-1S_61116514.wav	CS	349152	8000	8	
MATERIAL_BASE-1S_61309227.wav	TB	7424688	48000	16	
MATERIAL_BASE-1S_61354505.wav	CS	278096	8000	8	
MATERIAL_BASE-1S_61367062.wav	NB	12104921	44100	16	
MATERIAL_BASE-1S_61449364.wav	CS	346312	8000	8	
MATERIAL_BASE-1S_61497212.wav	TB	9840474	44100	16	
MATERIAL_BASE-1S_61510568.wav	CS	292448	8000	8	
MATERIAL_BASE-1S_61591049.wav	CS	509040	8000	8	
MATERIAL_BASE-1S_61605731.wav	NB	7077024	48000	16	News
MATERIAL_BASE-1S_61696022.wav	NB	13275555	44100	16	
MATERIAL_BASE-1S_61785767.wav	NB	5249091	44100	16	Qubanaha
MATERIAL_BASE-1S_61816220.wav	NB	10451700	44100	16	
MATERIAL_BASE-1S_61827445.wav	NB	26201574	44100	16	
MATERIAL_BASE-1S_61841119.wav	NB	12990581	44100	16	
MATERIAL_BASE-1S_61848109.wav	CS	461112	8000	8	
MATERIAL_BASE-1S_61856505.wav	NB	8923872	48000	16	
MATERIAL_BASE-1S_61908745.wav	CS	700032	8000	8	
MATERIAL_BASE-1S_61995651.wav	CS	462480	8000	8	
MATERIAL_BASE-1S_62017494.wav	NB	6752112	48000	16	Entertainment Film Series News Ween in Africa
MATERIAL_BASE-1S_62126330.wav	TB	3029603	44100	16	
MATERIAL_BASE-1S_62143231.wav	TB	2848560	16000	16	
MATERIAL_BASE-1S_62150493.wav	TB	5752064	32000	16	
MATERIAL_BASE-1S_62180168.wav	NB	9662016	48000	16	Warka Booliska
MATERIAL_BASE-1S_62406389.wav	CS	601600	8000	8	
MATERIAL_BASE-1S_62443583.wav	TB	15398400	48000	16	
MATERIAL_BASE-1S_62443874.wav	NB	4599365	44100	16	Qubanaha
MATERIAL_BASE-1S_62552181.wav	NB	11513856	48000	16	News
MATERIAL_BASE-1S_62605389.wav	CS	648816	8000	8	
MATERIAL_BASE-1S_62607802.wav	TB	15115737	44100	16	
MATERIAL_BASE-1S_62613817.wav	NB	12039300	44100	16	
MATERIAL_BASE-1S_62714349.wav	CS	243280	8000	8	
MATERIAL_BASE-1S_62941453.wav	CS	577120	8000	8	
MATERIAL_BASE-1S_63032215.wav	TB	4254744	24000	16	
MATERIAL_BASE-1S_63046981.wav	TB	5610848	16000	16	
MATERIAL_BASE-1S_63278454.wav	CS	293584	8000	8	
MATERIAL_BASE-1S_63341587.wav	TB	5799136	32000	16	
MATERIAL_BASE-1S_63428036.wav	CS	1536640	8000	8	
MATERIAL_BASE-1S_63514517.wav	TB	7885344	48000	16	
MATERIAL_BASE-1S_63548450.wav	TB	11411965	44100	16	
MATERIAL_BASE-1S_63571382.wav	TB	7731215	44100	16	
MATERIAL_BASE-1S_63600675.wav	TB	19072368	44100	16	
MATERIAL_BASE-1S_63676873.wav	TB	6992584	44100	16	
MATERIAL_BASE-1S_63684293.wav	NB	6191420	44100	16	Qubanaha
MATERIAL_BASE-1S_63767570.wav	CS	820320	8000	8	
MATERIAL_BASE-1S_63787032.wav	NB	7813056	48000	16	The Weekly News
MATERIAL_BASE-1S_63832683.wav	CS	510640	8000	8	
MATERIAL_BASE-1S_63867946.wav	CS	1069936	8000	8	
MATERIAL_BASE-1S_63958849.wav	NB	9381216	48000	16	News
MATERIAL_BASE-1S_63984394.wav	TB	7489724	44100	16	
MATERIAL_BASE-1S_64166428.wav	CS	652736	8000	8	
MATERIAL_BASE-1S_64170234.wav	TB	12669665	44100	16	
MATERIAL_BASE-1S_64334950.wav	CS	294560	8000	8	
MATERIAL_BASE-1S_64371880.wav	TB	2203008	12000	16	
MATERIAL_BASE-1S_64519177.wav	CS	196544	8000	8	
MATERIAL_BASE-1S_64558730.wav	TB	22230986	44100	16	
MATERIAL_BASE-1S_64559093.wav	CS	267000	8000	8	
MATERIAL_BASE-1S_64560554.wav	CS	240376	8000	8	
MATERIAL_BASE-1S_64598624.wav	CS	446328	8000	8	
MATERIAL_BASE-1S_64693199.wav	CS	516624	8000	8	
MATERIAL_BASE-1S_64783611.wav	CS	404080	8000	8	
MATERIAL_BASE-1S_64862535.wav	TB	7273909	44100	16	
MATERIAL_BASE-1S_64875480.wav	CS	469200	8000	8	
MATERIAL_BASE-1S_65024044.wav	TB	15036071	44100	16	Barnaamijka Ardaaga
MATERIAL_BASE-1S_65026807.wav	CS	405200	8000	8	
MATERIAL_BASE-1S_65151557.wav	CS	349880	8000	8	
MATERIAL_BASE-1S_65189170.wav	TB	2738032	16000	16	
MATERIAL_BASE-1S_65209669.wav	CS	523360	8000	8	
MATERIAL_BASE-1S_65348287.wav	NB	9188112	48000	16	
MATERIAL_BASE-1S_65363938.wav	NB	2609520	48000	16	Wargeysyada
MATERIAL_BASE-1S_65427454.wav	NB	10535904	48000	16	Entertainment
MATERIAL_BASE-1S_65450747.wav	NB	11554200	44100	16	
MATERIAL_BASE-1S_65559368.wav	TB	14439619	44100	16	Qubanaha
MATERIAL_BASE-1S_65607520.wav	NB	3089370	44100	16	
MATERIAL_BASE-1S_65645311.wav	TB	7996565	44100	16	
MATERIAL_BASE-1S_65746038.wav	NB	6655307	44100	16	
MATERIAL_BASE-1S_65913491.wav	NB	17371632	48000	16	Skaashatootinka
MATERIAL_BASE-1S_65986773.wav	CS	435040	8000	8	
MATERIAL_BASE-1S_66112905.wav	TB	13713689	44100	16	
MATERIAL_BASE-1S_66167252.wav	TB	2750560	16000	16	
MATERIAL_BASE-1S_66257020.wav	CS	301504	8000	8	
MATERIAL_BASE-1S_66264226.wav	CS	556784	8000	8	
MATERIAL_BASE-1S_66287950.wav	NB	9128064	48000	16	Dhacdooyinkii
MATERIAL_BASE-1S_66444043.wav	CS	472400	8000	8	
MATERIAL_BASE-1S_66599276.wav	TB	3984038	22050	16	
MATERIAL_BASE-1S_66602381.wav	TB	1975118	11025	16	Barnaamijka Abaaraha
MATERIAL_BASE-1S_66837340.wav	NB	5664424	44100	16	Qubanaha
MATERIAL_BASE-1S_66867823.wav	NB	6956069	44100	16	Qubanaha
MATERIAL_BASE-1S_66883369.wav	TB	7297095	44100	16	
MATERIAL_BASE-1S_67142003.wav	NB	8305632	48000	16	The Weekly News
MATERIAL_BASE-1S_67192732.wav	CS	345200	8000	8	
MATERIAL_BASE-1S_67373065.wav	TB	6815201	44100	16	
MATERIAL_BASE-1S_67388039.wav	NB	14860272	48000	16	Wargeysyada
MATERIAL_BASE-1S_67613378.wav	NB	10649760	48000	16	News
MATERIAL_BASE-1S_67625122.wav	NB	9462432	48000	16	News Religious Lecture
MATERIAL_BASE-1S_67643847.wav	TB	5633920	32000	16	
MATERIAL_BASE-1S_67675341.wav	CS	723168	8000	8	
MATERIAL_BASE-1S_67729215.wav	CS	343440	8000	8	
MATERIAL_BASE-1S_67729605.wav	NB	7804421	44100	16	Qubanaha
MATERIAL_BASE-1S_67732693.wav	TB	7970502	44100	16	
MATERIAL_BASE-1S_67862486.wav	TB	2894176	16000	16	
MATERIAL_BASE-1S_68152962.wav	TB	7634019	44100	16	
MATERIAL_BASE-1S_68256661.wav	TB	4024800	24000	16	Barnaamijka Abaaraha
MATERIAL_BASE-1S_68281904.wav	TB	12966576	44100	16	
MATERIAL_BASE-1S_68332828.wav	CS	420832	8000	8	
MATERIAL_BASE-1S_68391383.wav	CS	274848	8000	8	
MATERIAL_BASE-1S_68426833.wav	CS	322720	8000	8	
MATERIAL_BASE-1S_68464249.wav	CS	458728	8000	8	
MATERIAL_BASE-1S_68582282.wav	NB	13847400	44100	16	
MATERIAL_BASE-1S_68644802.wav	CS	417504	8000	8	
MATERIAL_BASE-1S_68853274.wav	TB	8908200	44100	16	
MATERIAL_BASE-1S_68919243.wav	TB	5892659	44100	16	
MATERIAL_BASE-1S_68949329.wav	CS	383744	8000	8	
MATERIAL_BASE-1S_69016373.wav	NB	16672270	44100	16	Qubanaha
MATERIAL_BASE-1S_69027037.wav	NB	6098677	44100	16	Qubanaha
MATERIAL_BASE-1S_69074856.wav	TB	2847008	16000	16	
MATERIAL_BASE-1S_69160217.wav	NB	6054136	44100	16	Qubanaha
MATERIAL_BASE-1S_69280450.wav	CS	291408	8000	8	
MATERIAL_BASE-1S_69331480.wav	NB	11453664	48000	16	News
MATERIAL_BASE-1S_69337984.wav	NB	6570900	44100	16	
MATERIAL_BASE-1S_69383743.wav	CS	387488	8000	8	
MATERIAL_BASE-1S_69407440.wav	TB	18319449	44100	16	
MATERIAL_BASE-1S_69442331.wav	CS	200864	8000	8	
MATERIAL_BASE-1S_69607247.wav	TB	2664384	44100	16	
MATERIAL_BASE-1S_69684389.wav	TB	7828544	44100	16	
MATERIAL_BASE-1S_69726808.wav	TB	8028758	44100	16	
MATERIAL_BASE-1S_69806670.wav	CS	444968	8000	8	
MATERIAL_BASE-1S_69855543.wav	TB	8625264	48000	16	
MATERIAL_BASE-1S_69860896.wav	TB	11426599	44100	16	
MATERIAL_BASE-1S_69889877.wav	NB	6322032	48000	16	News Entertainment
MATERIAL_BASE-1S_69947666.wav	CS	434720	8000	8	
MATERIAL_BASE-1S_70121943.wav	TB	5382016	32000	16	
MATERIAL_BASE-1S_70169249.wav	TB	8171862	44100	16	
MATERIAL_BASE-1S_70369698.wav	CS	749992	8000	8	
MATERIAL_BASE-1S_70382308.wav	NB	9393300	44100	16	
MATERIAL_BASE-1S_70388714.wav	CS	406320	8000	8	
MATERIAL_BASE-1S_70438730.wav	CS	187744	8000	8	
MATERIAL_BASE-1S_70457646.wav	CS	690192	8000	8	
MATERIAL_BASE-1S_70521447.wav	CS	425232	8000	8	
MATERIAL_BASE-1S_70603633.wav	CS	422184	8000	8	
MATERIAL_BASE-1S_70689079.wav	TB	8009812	44100	16	
MATERIAL_BASE-1S_70691833.wav	NB	1252036	44100	16	
MATERIAL_BASE-1S_70730952.wav	NB	4395359	44100	16	Qubanaha
MATERIAL_BASE-1S_70764919.wav	NB	7739947	44100	16	Qubanaha
MATERIAL_BASE-1S_70936859.wav	TB	14475384	44100	16	Barnaamijka Risaalo
MATERIAL_BASE-1S_70967270.wav	CS	349360	8000	8	
MATERIAL_BASE-1S_71010896.wav	NB	6282432	48000	16	
MATERIAL_BASE-1S_71078257.wav	CS	372624	8000	8	
MATERIAL_BASE-1S_71214318.wav	NB	11746128	48000	16	
MATERIAL_BASE-1S_71456782.wav	CS	400000	8000	8	
MATERIAL_BASE-1S_71467775.wav	TB	13453824	32000	16	
MATERIAL_BASE-1S_71525537.wav	CS	289160	8000	8	
MATERIAL_BASE-1S_71552159.wav	CS	323360	8000	8	
MATERIAL_BASE-1S_71704905.wav	TB	20133024	48000	16	
MATERIAL_BASE-1S_71839467.wav	NB	24362075	44100	16	
MATERIAL_BASE-1S_71980929.wav	CS	571504	8000	8	
MATERIAL_BASE-1S_71988872.wav	TB	14089824	48000	16	Barnaamijka: Law and Justice
MATERIAL_BASE-1S_72079914.wav	CS	183616	8000	8	
MATERIAL_BASE-1S_72130676.wav	NB	11565936	48000	16	
MATERIAL_BASE-1S_72218181.wav	CS	294288	8000	8	
MATERIAL_BASE-1S_72384964.wav	CS	296288	8000	8	
MATERIAL_BASE-1S_72398345.wav	TB	15976272	48000	16	
MATERIAL_BASE-1S_72456038.wav	TB	7580173	44100	16	
MATERIAL_BASE-1S_72459010.wav	NB	7049616	48000	16	News
MATERIAL_BASE-1S_72579320.wav	CS	367472	8000	8	
MATERIAL_BASE-1S_72644582.wav	NB	9679509	44100	16	
MATERIAL_BASE-1S_72686980.wav	NB	13551269	44100	16	Qubanaha
MATERIAL_BASE-1S_72710452.wav	CS	189840	8000	8	
MATERIAL_BASE-1S_72711034.wav	CS	459840	8000	8	
MATERIAL_BASE-1S_72720222.wav	TB	4348368	24000	16	Barnaamijka Abaaraha
MATERIAL_BASE-1S_72785177.wav	CS	476304	8000	8	
MATERIAL_BASE-1S_72799573.wav	TB	3904968	24000	16	
MATERIAL_BASE-1S_72892808.wav	NB	7348956	44100	16	
MATERIAL_BASE-1S_72937278.wav	CS	361888	8000	8	
MATERIAL_BASE-1S_73152392.wav	TB	7623302	44100	16	
MATERIAL_BASE-1S_73165310.wav	CS	358200	8000	8	
MATERIAL_BASE-1S_73202800.wav	NB	13284640	44100	16	
MATERIAL_BASE-1S_73350236.wav	NB	8075664	48000	16	News Entertainment
MATERIAL_BASE-1S_73384138.wav	TB	14507048	44100	16	Barnaamijka Waadiga Aqoonta
MATERIAL_BASE-1S_73502744.wav	NB	9278420	44100	16	Qubanaha
MATERIAL_BASE-1S_73724977.wav	TB	7816008	24000	16	
MATERIAL_BASE-1S_73777549.wav	CS	341440	8000	8	
MATERIAL_BASE-1S_73795977.wav	NB	25446141	44100	16	
MATERIAL_BASE-1S_73801586.wav	TB	11292246	44100	16	
MATERIAL_BASE-1S_73958180.wav	TB	17705488	44100	16	
MATERIAL_BASE-1S_74049322.wav	TB	8626944	48000	16	
MATERIAL_BASE-1S_74067246.wav	NB	18927455	44100	16	
MATERIAL_BASE-1S_74081128.wav	TB	7559622	44100	16	
MATERIAL_BASE-1S_74098191.wav	CS	447160	8000	8	
MATERIAL_BASE-1S_74157462.wav	CS	403016	8000	8	
MATERIAL_BASE-1S_74208107.wav	CS	476912	8000	8	
MATERIAL_BASE-1S_74318351.wav	CS	461040	8000	8	
MATERIAL_BASE-1S_74370406.wav	TB	4064832	24000	16	Barnaamijka Abaaraha
MATERIAL_BASE-1S_74378116.wav	CS	687216	8000	8	
MATERIAL_BASE-1S_74401390.wav	NB	4792303	44100	16	Qubanaha
MATERIAL_BASE-1S_74508011.wav	CS	666816	8000	8	
MATERIAL_BASE-1S_74529661.wav	CS	369280	8000	8	
MATERIAL_BASE-1S_74555475.wav	CS	463832	8000	8	
MATERIAL_BASE-1S_74576018.wav	CS	501680	8000	8	
MATERIAL_BASE-1S_74619795.wav	CS	477128	8000	8	
MATERIAL_BASE-1S_74624111.wav	TB	6864562	44100	16	
MATERIAL_BASE-1S_74746754.wav	NB	6470132	44100	16	Qubanaha
MATERIAL_BASE-1S_74814814.wav	TB	7741931	44100	16	
MATERIAL_BASE-1S_74946280.wav	TB	6844805	44100	16	
MATERIAL_BASE-1S_74967587.wav	NB	8820000	44100	16	
MATERIAL_BASE-1S_74983860.wav	CS	558912	8000	8	
MATERIAL_BASE-1S_75071440.wav	NB	6026400	48000	16	News
MATERIAL_BASE-1S_75075210.wav	TB	7951759	44100	16	
MATERIAL_BASE-1S_75084149.wav	NB	11668992	48000	16	News
MATERIAL_BASE-1S_75395692.wav	TB	7141819	44100	16	
MATERIAL_BASE-1S_75414714.wav	TB	6872147	44100	16	
MATERIAL_BASE-1S_75592670.wav	CS	568344	8000	8	
MATERIAL_BASE-1S_75597957.wav	TB	3802302	44100	16	Qubanaha
MATERIAL_BASE-1S_75697449.wav	NB	10337569	44100	16	
MATERIAL_BASE-1S_75716332.wav	NB	8860272	48000	16	News The Papers Good Afternoon
MATERIAL_BASE-1S_75729674.wav	CS	332064	8000	8	
MATERIAL_BASE-1S_75784515.wav	NB	10973760	48000	16	The Weekly News
MATERIAL_BASE-1S_75943955.wav	NB	13392384	48000	16	
MATERIAL_BASE-1S_76103621.wav	CS	475392	8000	8	
MATERIAL_BASE-1S_76118058.wav	NB	2317793	44100	16	
MATERIAL_BASE-1S_76126260.wav	CS	399120	8000	8	
MATERIAL_BASE-1S_76179652.wav	CS	484000	8000	8	
MATERIAL_BASE-1S_76180201.wav	TB	2870768	16000	16	
MATERIAL_BASE-1S_76259071.wav	NB	6437232	48000	16	Entertainment Film Series News Ween in Africa
MATERIAL_BASE-1S_76287156.wav	CS	1026784	8000	8	
MATERIAL_BASE-1S_76313602.wav	TB	15564000	48000	16	
MATERIAL_BASE-1S_76404597.wav	CS	654208	8000	8	
MATERIAL_BASE-1S_76465657.wav	NB	11961888	48000	16	
MATERIAL_BASE-1S_76491988.wav	CS	498144	8000	8	
MATERIAL_BASE-1S_76562117.wav	NB	7679370	44100	16	
MATERIAL_BASE-1S_76633784.wav	TB	8360712	44100	16	
MATERIAL_BASE-1S_76752554.wav	TB	7717491	44100	16	
MATERIAL_BASE-1S_76868630.wav	NB	12761041	44100	16	
MATERIAL_BASE-1S_76905729.wav	CS	595168	8000	8	
MATERIAL_BASE-1S_77144039.wav	CS	379360	8000	8	
MATERIAL_BASE-1S_77198750.wav	CS	380264	8000	8	
MATERIAL_BASE-1S_77246172.wav	NB	7407433	44100	16	Qubanaha
MATERIAL_BASE-1S_77266424.wav	CS	1238336	8000	8	
MATERIAL_BASE-1S_77278056.wav	NB	7935971	44100	16	Qubanaha
MATERIAL_BASE-1S_77401109.wav	CS	744512	8000	8	
MATERIAL_BASE-1S_77459305.wav	TB	6376864	16000	16	
MATERIAL_BASE-1S_77572658.wav	TB	15137952	48000	16	Barnaamijka Ardaaga
MATERIAL_BASE-1S_77601530.wav	NB	9289092	44100	16	
MATERIAL_BASE-1S_77690363.wav	NB	11583984	48000	16	Dabagalka Wararka
MATERIAL_BASE-1S_77739316.wav	NB	9846576	48000	16	Skaashatootinka
MATERIAL_BASE-1S_77746388.wav	TB	5783098	44100	16	
MATERIAL_BASE-1S_77754403.wav	TB	17241360	48000	16	
MATERIAL_BASE-1S_77789418.wav	TB	8413692	44100	16	
MATERIAL_BASE-1S_77819410.wav	CS	346560	8000	8	
MATERIAL_BASE-1S_77927440.wav	CS	352352	8000	8	
MATERIAL_BASE-1S_77979081.wav	CS	742984	8000	8	
MATERIAL_BASE-1S_78022894.wav	NB	14463962	44100	16	
MATERIAL_BASE-1S_78176591.wav	NB	11336522	44100	16	
MATERIAL_BASE-1S_78222772.wav	CS	411184	8000	8	
MATERIAL_BASE-1S_78289994.wav	CS	479552	8000	8	
MATERIAL_BASE-1S_78300509.wav	NB	5477132	44100	16	
MATERIAL_BASE-1S_78310900.wav	TB	1860612	11025	16	
MATERIAL_BASE-1S_78363940.wav	TB	8614803	44100	16	Qubanaha
MATERIAL_BASE-1S_78382370.wav	TB	14825302	44100	16	
MATERIAL_BASE-1S_78400220.wav	NB	7813285	44100	16	Qubanaha
MATERIAL_BASE-1S_78498990.wav	CS	610208	8000	8	
MATERIAL_BASE-1S_78505566.wav	NB	15653119	44100	16	Qubanaha
MATERIAL_BASE-1S_78540236.wav	TB	5752288	32000	16	
MATERIAL_BASE-1S_78543569.wav	CS	308920	8000	8	
MATERIAL_BASE-1S_78596703.wav	TB	15251324	44100	16	
MATERIAL_BASE-1S_78628748.wav	CS	325504	8000	8	
MATERIAL_BASE-1S_78639001.wav	NB	9516692	44100	16	Qubanaha
MATERIAL_BASE-1S_78675543.wav	NB	10348368	48000	16	
MATERIAL_BASE-1S_78876454.wav	TB	8488656	48000	16	
MATERIAL_BASE-1S_78882769.wav	CS	454688	8000	8	
MATERIAL_BASE-1S_78976472.wav	TB	1933454	11025	16	Barnaamijka Abaaraha
MATERIAL_BASE-1S_79080670.wav	NB	9324901	44100	16	
MATERIAL_BASE-1S_79084749.wav	NB	9508886	44100	16	Qubanaha
MATERIAL_BASE-1S_79236655.wav	CS	319040	8000	8	
MATERIAL_BASE-1S_79269302.wav	TB	22232160	48000	16	Commerce
MATERIAL_BASE-1S_79290533.wav	NB	6268224	48000	16	News and Varied Programming
MATERIAL_BASE-1S_79319511.wav	NB	8743536	48000	16	News
MATERIAL_BASE-1S_79381283.wav	TB	5678918	44100	16	
MATERIAL_BASE-1S_79463358.wav	TB	15306096	44100	16	
MATERIAL_BASE-1S_79550120.wav	NB	18041354	44100	16	Qubanaha
MATERIAL_BASE-1S_79603132.wav	CS	261800	8000	8	
MATERIAL_BASE-1S_79905816.wav	NB	14613216	48000	16	
MATERIAL_BASE-1S_79994502.wav	CS	607520	8000	8	
MATERIAL_BASE-1S_80009721.wav	CS	548368	8000	8	
MATERIAL_BASE-1S_80027493.wav	TB	4292472	24000	16	
MATERIAL_BASE-1S_80169439.wav	TB	11981824	32000	16	
MATERIAL_BASE-1S_80248124.wav	TB	6555333	44100	16	
MATERIAL_BASE-1S_80274913.wav	CS	306456	8000	8	
MATERIAL_BASE-1S_80301586.wav	TB	10734734	44100	16	Barnaamijka Masaraxa
MATERIAL_BASE-1S_80362423.wav	TB	3768960	24000	16	
MATERIAL_BASE-1S_80364834.wav	NB	1417092	44100	16	
MATERIAL_BASE-1S_80431278.wav	CS	289616	8000	8	
MATERIAL_BASE-1S_80432741.wav	TB	3801864	24000	16	Qiimaha Xoolaha
MATERIAL_BASE-1S_80439401.wav	TB	2771296	16000	16	Barnaamijka Abaaraha
MATERIAL_BASE-1S_80469171.wav	CS	1025040	8000	8	
MATERIAL_BASE-1S_80470178.wav	NB	17188769	44100	16	
MATERIAL_BASE-1S_80560850.wav	CS	211272	8000	8	
MATERIAL_BASE-1S_80639662.wav	TB	28850132	44100	16	Qubanaha
MATERIAL_BASE-1S_80865243.wav	TB	3766691	22050	16	
MATERIAL_BASE-1S_80931918.wav	TB	4073760	24000	16	Barnaamijka Abaaraha
MATERIAL_BASE-1S_80932896.wav	TB	8532925	44100	16	
MATERIAL_BASE-1S_81012212.wav	NB	10881456	48000	16	
MATERIAL_BASE-1S_81024053.wav	TB	5108416	32000	16	Qiimaha Xoolaha
MATERIAL_BASE-1S_81048695.wav	NB	10664086	44100	16	Qubanaha
MATERIAL_BASE-1S_81165696.wav	TB	4397064	24000	16	
MATERIAL_BASE-1S_81281595.wav	CS	350808	8000	8	
MATERIAL_BASE-1S_81323577.wav	TB	5804480	32000	16	
MATERIAL_BASE-1S_81362968.wav	NB	9158736	48000	16	
MATERIAL_BASE-1S_81381354.wav	TB	7706563	44100	16	
MATERIAL_BASE-1S_81528552.wav	TB	5333024	32000	16	
MATERIAL_BASE-1S_81541281.wav	CS	395984	8000	8	
MATERIAL_BASE-1S_81567220.wav	NB	7293744	48000	16	News
MATERIAL_BASE-1S_81579903.wav	NB	6923700	44100	16	
MATERIAL_BASE-1S_81657298.wav	NB	17224843	44100	16	Qubanaha
MATERIAL_BASE-1S_81668344.wav	CS	202320	8000	8	
MATERIAL_BASE-1S_81703973.wav	CS	620808	8000	8	
MATERIAL_BASE-1S_81840625.wav	CS	875536	8000	8	
MATERIAL_BASE-1S_81849119.wav	CS	486072	8000	8	
MATERIAL_BASE-1S_82020741.wav	NB	15216816	48000	16	
MATERIAL_BASE-1S_82026909.wav	TB	4122264	24000	16	Barnaamijka Abaaraha
MATERIAL_BASE-1S_82039818.wav	CS	587872	8000	8	
MATERIAL_BASE-1S_82051832.wav	CS	555568	8000	8	
MATERIAL_BASE-1S_82065366.wav	CS	341840	8000	8	
MATERIAL_BASE-1S_82109902.wav	NB	6878056	44100	16	Qubanaha
MATERIAL_BASE-1S_82215672.wav	TB	7750090	44100	16	
MATERIAL_BASE-1S_82221135.wav	NB	14861700	44100	16	
MATERIAL_BASE-1S_82309568.wav	NB	6018096	48000	16	News Religious Lecture
MATERIAL_BASE-1S_82424405.wav	CS	551008	8000	8	
MATERIAL_BASE-1S_82633206.wav	NB	11457224	44100	16	
MATERIAL_BASE-1S_82694030.wav	CS	444320	8000	8	
MATERIAL_BASE-1S_82743092.wav	NB	8123749	44100	16	Barnaamijka Ciyaaraha
MATERIAL_BASE-1S_82752012.wav	CS	447904	8000	8	
MATERIAL_BASE-1S_82803333.wav	NB	3336624	48000	16	Kobcinta Awooda
MATERIAL_BASE-1S_82837586.wav	NB	11531280	48000	16	Dabagalka Wararka
MATERIAL_BASE-1S_82891237.wav	NB	6735437	44100	16	
MATERIAL_BASE-1S_82993494.wav	NB	15296967	44100	16	
MATERIAL_BASE-1S_83020642.wav	NB	7101408	48000	16	News
MATERIAL_BASE-1S_83031234.wav	TB	6813582	44100	16	
MATERIAL_BASE-1S_83179741.wav	TB	2766064	16000	16	
MATERIAL_BASE-1S_83255640.wav	NB	5053110	44100	16	Qubanaha
MATERIAL_BASE-1S_83350424.wav	NB	4037376	48000	16	
MATERIAL_BASE-1S_83377992.wav	TB	7149183	44100	16	
MATERIAL_BASE-1S_83390068.wav	NB	2993455	44100	16	
MATERIAL_BASE-1S_83504215.wav	NB	11117522	44100	16	Qubanaha
MATERIAL_BASE-1S_83555025.wav	CS	989064	8000	8	
MATERIAL_BASE-1S_83566252.wav	CS	610416	8000	8	
MATERIAL_BASE-1S_83599399.wav	TB	2930400	16000	16	
MATERIAL_BASE-1S_83755277.wav	NB	11421900	44100	16	
MATERIAL_BASE-1S_83781015.wav	CS	187120	8000	8	
MATERIAL_BASE-1S_83906924.wav	CS	687472	8000	8	
MATERIAL_BASE-1S_83935628.wav	NB	6737157	44100	16	Qubanaha
MATERIAL_BASE-1S_83962297.wav	NB	7688747	44100	16	
MATERIAL_BASE-1S_84106026.wav	TB	8310816	48000	16	
MATERIAL_BASE-1S_84108059.wav	CS	611792	8000	8	
MATERIAL_BASE-1S_84132243.wav	NB	12675216	48000	16	
MATERIAL_BASE-1S_84296872.wav	TB	7002639	44100	16	
MATERIAL_BASE-1S_84316362.wav	TB	4358544	24000	16	
MATERIAL_BASE-1S_84358639.wav	TB	14339792	44100	16	
MATERIAL_BASE-1S_84374580.wav	NB	6314736	48000	16	News The Papers Good Afternoon
MATERIAL_BASE-1S_84510656.wav	NB	9707184	48000	16	The Weekly News
MATERIAL_BASE-1S_84513065.wav	CS	584176	8000	8	
MATERIAL_BASE-1S_84637259.wav	TB	2093628	12000	16	
MATERIAL_BASE-1S_84713544.wav	TB	2667104	16000	16	
MATERIAL_BASE-1S_84727055.wav	NB	9068944	44100	16	Qubanaha
MATERIAL_BASE-1S_84763471.wav	CS	391552	8000	8	
MATERIAL_BASE-1S_84779231.wav	NB	8789472	48000	16	
MATERIAL_BASE-1S_84802240.wav	TB	14962836	44100	16	
MATERIAL_BASE-1S_84954670.wav	NB	8035461	44100	16	
MATERIAL_BASE-1S_84969518.wav	NB	6640128	48000	16	Newspaper Entertainment News Religious Lecture Animal World
MATERIAL_BASE-1S_84978652.wav	CS	372696	8000	8	
MATERIAL_BASE-1S_85004493.wav	CS	423096	8000	8	
MATERIAL_BASE-1S_85074501.wav	CS	951280	8000	8	
MATERIAL_BASE-1S_85085554.wav	TB	4404708	44100	16	Qubanaha
MATERIAL_BASE-1S_85110887.wav	NB	8153808	48000	16	News
MATERIAL_BASE-1S_85174303.wav	CS	418400	8000	8	
MATERIAL_BASE-1S_85280755.wav	CS	517984	8000	8	
MATERIAL_BASE-1S_85297726.wav	TB	5173792	32000	16	
MATERIAL_BASE-1S_85328733.wav	CS	368240	8000	8	
MATERIAL_BASE-1S_85361031.wav	TB	3888216	24000	16	
MATERIAL_BASE-1S_85504652.wav	CS	304768	8000	8	
MATERIAL_BASE-1S_85508476.wav	CS	657600	8000	8	
MATERIAL_BASE-1S_85521466.wav	CS	746896	8000	8	
MATERIAL_BASE-1S_85625461.wav	NB	5801520	48000	16	News
MATERIAL_BASE-1S_85636227.wav	NB	9480624	48000	16	News
MATERIAL_BASE-1S_85636289.wav	TB	4307592	24000	16	
MATERIAL_BASE-1S_85682002.wav	NB	6458112	48000	16	News
MATERIAL_BASE-1S_85741433.wav	CS	522784	8000	8	
MATERIAL_BASE-1S_85897205.wav	TB	7702815	44100	16	
MATERIAL_BASE-1S_85922204.wav	TB	7841184	48000	16	
MATERIAL_BASE-1S_85967062.wav	TB	5871232	32000	16	
MATERIAL_BASE-1S_85971839.wav	NB	7808976	48000	16	
MATERIAL_BASE-1S_85983958.wav	NB	2001936	48000	16	Ilalinta Deegaanka
MATERIAL_BASE-1S_86125640.wav	NB	9109440	48000	16	
MATERIAL_BASE-1S_86305357.wav	CS	576384	8000	8	
MATERIAL_BASE-1S_86340557.wav	CS	490816	8000	8	
MATERIAL_BASE-1S_86403286.wav	CS	443856	8000	8	
MATERIAL_BASE-1S_86574823.wav	TB	1870083	11025	16	
MATERIAL_BASE-1S_86602319.wav	TB	8018571	44100	16	
MATERIAL_BASE-1S_86622115.wav	CS	406944	8000	8	
MATERIAL_BASE-1S_86643601.wav	CS	742232	8000	8	
MATERIAL_BASE-1S_86692878.wav	TB	7036949	44100	16	
MATERIAL_BASE-1S_86697704.wav	NB	10108911	44100	16	Qubanaha
MATERIAL_BASE-1S_86701976.wav	TB	2792176	16000	16	
MATERIAL_BASE-1S_86758778.wav	TB	4356336	24000	16	
MATERIAL_BASE-1S_86793560.wav	CS	445200	8000	8	
MATERIAL_BASE-1S_86874392.wav	CS	709792	8000	8	
MATERIAL_BASE-1S_86987012.wav	TB	4114080	24000	16	
MATERIAL_BASE-1S_86992167.wav	NB	3771097	44100	16	
MATERIAL_BASE-1S_87024462.wav	NB	15281232	48000	16	
MATERIAL_BASE-1S_87099067.wav	TB	7429571	44100	16	
MATERIAL_BASE-1S_87106569.wav	TB	3636294	44100	16	
MATERIAL_BASE-1S_87120015.wav	CS	367400	8000	8	
MATERIAL_BASE-1S_87293454.wav	CS	656080	8000	8	
MATERIAL_BASE-1S_87477795.wav	NB	4761301	44100	16	Qubanaha
MATERIAL_BASE-1S_87553052.wav	TB	19945008	48000	16	Barnaamijka: Law and Justice
MATERIAL_BASE-1S_87894411.wav	TB	6848457	44100	16	
MATERIAL_BASE-1S_87932332.wav	NB	4567160	44100	16	
MATERIAL_BASE-1S_87935401.wav	NB	6379632	48000	16	Ilalinta Deegaanka
MATERIAL_BASE-1S_87944429.wav	CS	394800	8000	8	
MATERIAL_BASE-1S_87972844.wav	CS	334800	8000	8	
MATERIAL_BASE-1S_88040082.wav	NB	12947628	44100	16	
MATERIAL_BASE-1S_88075818.wav	CS	256656	8000	8	
MATERIAL_BASE-1S_88106894.wav	CS	324528	8000	8	
MATERIAL_BASE-1S_88215613.wav	CS	644496	8000	8	
MATERIAL_BASE-1S_88435969.wav	TB	7765200	48000	16	
MATERIAL_BASE-1S_88475348.wav	NB	13712939	44100	16	
MATERIAL_BASE-1S_88490919.wav	NB	6754224	44100	16	Qubanaha
MATERIAL_BASE-1S_88528630.wav	NB	6915264	48000	16	News
MATERIAL_BASE-1S_88529285.wav	NB	16801527	44100	16	Qubanaha
MATERIAL_BASE-1S_88556290.wav	NB	10967979	44100	16	
MATERIAL_BASE-1S_88609839.wav	NB	9980976	48000	16	Report on Car News Newspaper
MATERIAL_BASE-1S_88619955.wav	TB	4302168	24000	16	
MATERIAL_BASE-1S_88704863.wav	TB	11646119	44100	16	
MATERIAL_BASE-1S_88729656.wav	TB	5839232	32000	16	
MATERIAL_BASE-1S_88743287.wav	TB	4068144	24000	16	
MATERIAL_BASE-1S_88870620.wav	CS	378928	8000	8	
MATERIAL_BASE-1S_88914015.wav	NB	14843972	44100	16	
MATERIAL_BASE-1S_89020401.wav	CS	953440	8000	8	
MATERIAL_BASE-1S_89069181.wav	TB	10979830	44100	16	
MATERIAL_BASE-1S_89088400.wav	NB	9534576	48000	16	News
MATERIAL_BASE-1S_89231020.wav	TB	37483765	44100	16	
MATERIAL_BASE-1S_89264048.wav	CS	526400	8000	8	
MATERIAL_BASE-1S_89294715.wav	NB	6915456	48000	16	Entertainment Film Series News Ween in Africa
MATERIAL_BASE-1S_89309100.wav	TB	9308584	22050	16	
MATERIAL_BASE-1S_89358514.wav	NB	8334432	48000	16	News
MATERIAL_BASE-1S_89524836.wav	TB	18573641	44100	16	
MATERIAL_BASE-1S_89555942.wav	CS	399968	8000	8	
MATERIAL_BASE-1S_89703376.wav	TB	13664650	44100	16	
MATERIAL_BASE-1S_89768256.wav	NB	11614704	48000	16	
MATERIAL_BASE-1S_89782101.wav	TB	4252824	24000	16	
MATERIAL_BASE-1S_89872383.wav	NB	8021790	44100	16	Qubanaha
MATERIAL_BASE-1S_89876439.wav	NB	9838930	44100	16	
MATERIAL_BASE-1S_89894645.wav	NB	14210078	44100	16	Qubanaha
MATERIAL_BASE-1S_89919988.wav	TB	4190904	24000	16	
MATERIAL_BASE-1S_90069562.wav	CS	444320	8000	8	
MATERIAL_BASE-1S_90130003.wav	CS	193184	8000	8	
MATERIAL_BASE-1S_90157996.wav	NB	7547808	48000	16	News
MATERIAL_BASE-1S_90164304.wav	TB	2692272	16000	16	
MATERIAL_BASE-1S_90225691.wav	CS	235840	8000	8	
MATERIAL_BASE-1S_90283399.wav	CS	327648	8000	8	
MATERIAL_BASE-1S_90331967.wav	CS	317152	8000	8	
MATERIAL_BASE-1S_90368648.wav	TB	15151392	48000	16	
MATERIAL_BASE-1S_90464445.wav	TB	7226094	44100	16	
MATERIAL_BASE-1S_90488211.wav	CS	570480	8000	8	
MATERIAL_BASE-1S_90523799.wav	NB	1435297	44100	16	
MATERIAL_BASE-1S_90532269.wav	CS	713552	8000	8	
MATERIAL_BASE-1S_90541548.wav	CS	767712	8000	8	
MATERIAL_BASE-1S_90669212.wav	TB	11487756	44100	16	
MATERIAL_BASE-1S_90687933.wav	CS	320480	8000	8	
MATERIAL_BASE-1S_90873768.wav	TB	14431328	44100	16	
MATERIAL_BASE-1S_90901198.wav	NB	9254928	48000	16	Warka
MATERIAL_BASE-1S_91034706.wav	TB	7992640	44100	16	
MATERIAL_BASE-1S_91179331.wav	NB	8014368	48000	16	
MATERIAL_BASE-1S_91200561.wav	TB	9155376	48000	16	
MATERIAL_BASE-1S_91287689.wav	NB	10127609	44100	16	Qubanaha
MATERIAL_BASE-1S_91289065.wav	TB	5686624	32000	16	
MATERIAL_BASE-1S_91322758.wav	TB	2137020	12000	16	
MATERIAL_BASE-1S_91364033.wav	NB	17573674	44100	16	
MATERIAL_BASE-1S_91410680.wav	TB	13535834	44100	16	
MATERIAL_BASE-1S_91439595.wav	CS	245744	8000	8	
MATERIAL_BASE-1S_91653169.wav	TB	7634736	48000	16	
MATERIAL_BASE-1S_91704249.wav	CS	651824	8000	8	
MATERIAL_BASE-1S_91718387.wav	CS	192864	8000	8	
MATERIAL_BASE-1S_91749236.wav	NB	4766215	44100	16	
MATERIAL_BASE-1S_91865494.wav	CS	373760	8000	8	
MATERIAL_BASE-1S_91893232.wav	CS	491280	8000	8	
MATERIAL_BASE-1S_92048720.wav	TB	11199636	44100	16	
MATERIAL_BASE-1S_92109113.wav	NB	6664176	48000	16	News Entertainment Religious Lecture
MATERIAL_BASE-1S_92137292.wav	NB	6412560	48000	16	News Entertainment Religious Lecture
MATERIAL_BASE-1S_92195900.wav	NB	18211668	44100	16	Qubanaha
MATERIAL_BASE-1S_92256987.wav	NB	5905440	48000	16	News
MATERIAL_BASE-1S_92388118.wav	TB	6571561	44100	16	
MATERIAL_BASE-1S_92450247.wav	NB	7880928	48000	16	News and Varied Programming
MATERIAL_BASE-1S_92497038.wav	TB	15838912	44100	16	
MATERIAL_BASE-1S_92631293.wav	NB	5165568	48000	16	News
MATERIAL_BASE-1S_92656686.wav	TB	5766880	32000	16	
MATERIAL_BASE-1S_92862200.wav	CS	555080	8000	8	
MATERIAL_BASE-1S_92867618.wav	NB	5376540	44100	16	
MATERIAL_BASE-1S_93048368.wav	CS	487760	8000	8	
MATERIAL_BASE-1S_93089366.wav	NB	1793841	44100	16	
MATERIAL_BASE-1S_93117015.wav	TB	7192923	44100	16	
MATERIAL_BASE-1S_93191749.wav	CS	282864	8000	8	
MATERIAL_BASE-1S_93228861.wav	TB	14766788	44100	16	
MATERIAL_BASE-1S_93408909.wav	TB	4309224	24000	16	
MATERIAL_BASE-1S_93427741.wav	NB	6714495	44100	16	
MATERIAL_BASE-1S_93607599.wav	CS	341280	8000	8	
MATERIAL_BASE-1S_93641937.wav	CS	464496	8000	8	
MATERIAL_BASE-1S_93796285.wav	NB	8451024	48000	16	News
MATERIAL_BASE-1S_93938951.wav	CS	202896	8000	8	
MATERIAL_BASE-1S_94183584.wav	CS	222272	8000	8	
MATERIAL_BASE-1S_94258259.wav	CS	459840	8000	8	
MATERIAL_BASE-1S_94354274.wav	CS	339600	8000	8	
MATERIAL_BASE-1S_94426501.wav	NB	10954793	44100	16	
MATERIAL_BASE-1S_94505817.wav	TB	2780080	16000	16	
MATERIAL_BASE-1S_94508462.wav	TB	4972704	32000	16	
MATERIAL_BASE-1S_94624398.wav	NB	14623340	44100	16	Qubanaha
MATERIAL_BASE-1S_94643749.wav	NB	6672912	48000	16	Entertainment News Sport News
MATERIAL_BASE-1S_94651698.wav	TB	8071623	44100	16	
MATERIAL_BASE-1S_94653665.wav	TB	22991232	48000	16	Barnaamijka: Law and Justice
MATERIAL_BASE-1S_94681564.wav	CS	350400	8000	8	
MATERIAL_BASE-1S_94691716.wav	TB	7579158	44100	16	
MATERIAL_BASE-1S_94737224.wav	CS	505200	8000	8	
MATERIAL_BASE-1S_94749676.wav	TB	7442669	44100	16	
MATERIAL_BASE-1S_94821800.wav	CS	413760	8000	8	
MATERIAL_BASE-1S_94901127.wav	CS	519720	8000	8	
MATERIAL_BASE-1S_94902524.wav	NB	3960000	48000	16	News
MATERIAL_BASE-1S_94928536.wav	TB	11148877	44100	16	
MATERIAL_BASE-1S_95079623.wav	CS	309592	8000	8	
MATERIAL_BASE-1S_95337233.wav	TB	5970432	32000	16	
MATERIAL_BASE-1S_95356863.wav	NB	7671327	44100	16	Qubanaha
MATERIAL_BASE-1S_95361754.wav	CS	468416	8000	8	
MATERIAL_BASE-1S_95363921.wav	NB	6443616	48000	16	News
MATERIAL_BASE-1S_95413550.wav	NB	3746736	48000	16	Ilalinta Deegaanka
MATERIAL_BASE-1S_95522976.wav	TB	8069235	44100	16	
MATERIAL_BASE-1S_95550126.wav	NB	14333520	48000	16	
MATERIAL_BASE-1S_95561136.wav	CS	556272	8000	8	
MATERIAL_BASE-1S_95653228.wav	CS	375824	8000	8	
MATERIAL_BASE-1S_95706089.wav	CS	697696	8000	8	
MATERIAL_BASE-1S_95755713.wav	CS	453040	8000	8	
MATERIAL_BASE-1S_95756384.wav	TB	11698032	48000	16	Barnaamijka: Law and Justice
MATERIAL_BASE-1S_95809029.wav	TB	8056894	44100	16	
MATERIAL_BASE-1S_95856069.wav	CS	633056	8000	8	
MATERIAL_BASE-1S_95886326.wav	TB	8237424	48000	16	
MATERIAL_BASE-1S_96019805.wav	NB	7755558	44100	16	Qubanaha
MATERIAL_BASE-1S_96034359.wav	CS	389728	8000	8	
MATERIAL_BASE-1S_96047446.wav	CS	383392	8000	8	
MATERIAL_BASE-1S_96057323.wav	NB	8453952	48000	16	News
MATERIAL_BASE-1S_96070442.wav	CS	696000	8000	8	
MATERIAL_BASE-1S_96105366.wav	NB	2973024	48000	16	The Weekly News
MATERIAL_BASE-1S_96204309.wav	NB	7164192	48000	16	News Entertainment
MATERIAL_BASE-1S_96222514.wav	CS	566208	8000	8	
MATERIAL_BASE-1S_96225567.wav	NB	11182944	48000	16	Haweenka
MATERIAL_BASE-1S_96268902.wav	CS	458752	8000	8	
MATERIAL_BASE-1S_96299308.wav	TB	7171939	44100	16	Barnaamijka Abaaraha
MATERIAL_BASE-1S_96391718.wav	TB	5844640	32000	16	
MATERIAL_BASE-1S_96422877.wav	TB	3839324	22050	16	Barnaamijka Abaaraha
MATERIAL_BASE-1S_96568141.wav	CS	238544	8000	8	
MATERIAL_BASE-1S_96624918.wav	TB	5367328	32000	16	
MATERIAL_BASE-1S_96642162.wav	TB	2785056	16000	16	
MATERIAL_BASE-1S_96781221.wav	TB	8654784	48000	16	
MATERIAL_BASE-1S_96805280.wav	NB	15229141	44100	16	Qubanaha
MATERIAL_BASE-1S_96905216.wav	TB	15113908	44100	16	
MATERIAL_BASE-1S_96944693.wav	NB	9997690	44100	16	
MATERIAL_BASE-1S_97048996.wav	NB	6656719	44100	16	Wararka VOA
MATERIAL_BASE-1S_97141750.wav	NB	12039300	44100	16	
MATERIAL_BASE-1S_97169825.wav	CS	471840	8000	8	
MATERIAL_BASE-1S_97428818.wav	CS	898656	8000	8	
MATERIAL_BASE-1S_97506671.wav	CS	410328	8000	8	
MATERIAL_BASE-1S_97536418.wav	CS	696272	8000	8	
MATERIAL_BASE-1S_97547828.wav	TB	6249740	44100	16	
MATERIAL_BASE-1S_97557424.wav	CS	356560	8000	8	
MATERIAL_BASE-1S_97562850.wav	TB	7504365	44100	16	
MATERIAL_BASE-1S_97612664.wav	NB	27201648	48000	16	Wargayska
MATERIAL_BASE-1S_97710948.wav	NB	13351152	48000	16	
MATERIAL_BASE-1S_97815336.wav	TB	2959632	16000	16	
MATERIAL_BASE-1S_97860044.wav	CS	188544	8000	8	
MATERIAL_BASE-1S_97868524.wav	NB	14241874	44100	16	
MATERIAL_BASE-1S_97892205.wav	CS	411760	8000	8	
MATERIAL_BASE-1S_97899818.wav	CS	353384	8000	8	
MATERIAL_BASE-1S_98001412.wav	TB	6929389	44100	16	
MATERIAL_BASE-1S_98059143.wav	TB	8656213	44100	16	
MATERIAL_BASE-1S_98090030.wav	CS	322368	8000	8	
MATERIAL_BASE-1S_98108538.wav	CS	291680	8000	8	
MATERIAL_BASE-1S_98188914.wav	CS	286880	8000	8	
MATERIAL_BASE-1S_98197894.wav	NB	13891500	44100	16	
MATERIAL_BASE-1S_98209115.wav	NB	6253156	44100	16	
MATERIAL_BASE-1S_98291418.wav	NB	10485408	48000	16	
MATERIAL_BASE-1S_98298941.wav	NB	7638120	44100	16	Qubanaha
MATERIAL_BASE-1S_98314638.wav	CS	537040	8000	8	
MATERIAL_BASE-1S_98362670.wav	TB	7375196	44100	16	
MATERIAL_BASE-1S_98373486.wav	NB	7639968	48000	16	News
MATERIAL_BASE-1S_98451010.wav	TB	2770416	16000	16	
MATERIAL_BASE-1S_98470437.wav	CS	570240	8000	8	
MATERIAL_BASE-1S_98506528.wav	CS	262928	8000	8	
MATERIAL_BASE-1S_98514790.wav	TB	15414405	44100	16	
MATERIAL_BASE-1S_98572012.wav	NB	12174687	44100	16	
MATERIAL_BASE-1S_98578364.wav	TB	8242246	44100	16	
MATERIAL_BASE-1S_98615939.wav	NB	4799668	44100	16	Qubanaha
MATERIAL_BASE-1S_98699357.wav	TB	11363328	48000	16	Tartanka Waxbarashada
MATERIAL_BASE-1S_98715099.wav	NB	1980551	44100	16	
MATERIAL_BASE-1S_98718873.wav	NB	10161831	44100	16	
MATERIAL_BASE-1S_98778260.wav	TB	4523689	44100	16	
MATERIAL_BASE-1S_98844703.wav	TB	18360285	44100	16	
MATERIAL_BASE-1S_98859137.wav	CS	539472	8000	8	
MATERIAL_BASE-1S_98864452.wav	TB	7619818	44100	16	Qiimaha Xoolaha
MATERIAL_BASE-1S_98908509.wav	TB	2847536	16000	16	
MATERIAL_BASE-1S_99052076.wav	CS	320240	8000	8	
MATERIAL_BASE-1S_99066491.wav	NB	7749296	44100	16	Qubanaha
MATERIAL_BASE-1S_99071737.wav	CS	500200	8000	8	
MATERIAL_BASE-1S_99085700.wav	TB	2618528	16000	16	
MATERIAL_BASE-1S_99239563.wav	TB	8520983	44100	16	
MATERIAL_BASE-1S_99478333.wav	TB	7535411	44100	16	
MATERIAL_BASE-1S_99748409.wav	NB	9692739	44100	16	
MATERIAL_BASE-1S_99768016.wav	TB	20635968	48000	16	
MATERIAL_BASE-1S_99835409.wav	NB	7618760	44100	16	Qubanaha
MATERIAL_BASE-1S_99918097.wav	TB	11212091	44100	16	
MATERIAL_BASE-1S_99981159.wav	NB	9828435	44100	16	Qubanaha
